Cno,Cname,no,Cca,Chour,Ccredit,Cteacher,Cfaculty,Cstudent,Ctinfo,Cinfo,comment
99A0008,电影大师研究,1,150,32,2,刘大宇,动画与数字艺术学院,"本科一、二、三年级各专业学生
","1991-1995年毕业于鲁迅美术学院  获文学学士学位
2002-2005年毕业于北京电影学院  获电影学硕士学位
2005年9月至今 中国传媒大学动画学院  教师
",    希区柯克、黑泽明、李安的电影作品，在叙事与风格的探索方面达到了前所未有的高度，其艺术成就在电影史上都占有重要地位，其电影的美学观念对后世产生巨大影响。本课程将针对电影史上这几位电影导演的作品，以欣赏与思考为基础，再结合创作理论与手法进行分析，由浅入深，最终掌握其导演风格与电影美学一般性或较为深入的认识。,
99A0011,音乐赏析,1,50,32,2,郑萍,艺术学部,全校本科生,"毕业于首都师范大学音乐学院钢琴系钢琴演奏专业
曾经主讲课程：钢琴演奏、视唱练耳、音乐理论、曲式、和声、西方音乐等。
",音乐欣赏是音乐文化系统中不可缺少的环节，本课程将注重音乐欣赏的方法的介绍，培养同学的音乐欣赏能力。主要内容包括西方古典音乐、歌剧、音乐剧的介绍、及名家名作的赏析，以及世界优秀音乐会作品的欣赏。丰富学生的音乐知识，提高学生对艺术美（音乐）的感知能力、鉴别能力、欣赏能力及创造和表现能力。,
99A0028,电影作品解读,1,90,32,2,王黑特,艺术研究院,"                            本科生
  
","主要从事电影、电视剧的批评研究，同时带领学生拍摄纪录片和电视剧。
长期为各级电视媒体做评议和策划工作。
",每次课将观看并解读一部电影作品。讲授内容：既有电影作者、作品的情况介绍，一般技术、艺术层面的问题随时讲解；也有叙事结构分析和作品的风格流派介绍。但本课讲解的重点是深层解读，即国际电影学术界所注重的主题性解析和征候性解读方法。解析电影的隐喻和无意识。课堂将采取教师讲授、课堂提问、学生参与解读的方式。意在使学生从一般观赏层面，逐步上升到较为专业的电影作品分析水平。同时，学生能够了解一批中外著名导演和电影作品。,
99A0046,中国电视剧发展史,1,50,32,2,吴素玲,戏剧影视学院," 
全校本科  
",南开大学中文本科，传媒大学广播电视艺术博士。1992年在北京广播学院从事教学工作至今。,本课程以历史分析与审美分析相结合的方法为指导，从人文精神和艺术文本两个侧面对中国电视剧这一新兴的审美的社会意识形态发展的历史作出描述和阐释，探寻中国电视剧发展的社会、文化的外部动因，及电视剧艺术的内部动因；了解中国电视剧发展的历史阶段及其总体特征；熟悉各阶段电视剧生产、制作、播出及经营模式的发展；各阶段电视剧艺术、思潮、理论的发展，各阶段主要电视剧作品的历史评价与审美评价及风格流派的形成、发展；研究中国电视剧发展的艺术规律。,
99A0058,音乐文化与鉴赏,1,150,32,2,刘晓飞,音乐与录音艺术学院,"全校本科生

","
刘晓飞，中国传媒大学艺术学部音乐与录音艺术学院讲师。北京广播学院录音艺术专业工学学士、通信与信息系统专业音频技术方向工学硕士，广播电视艺术专业博士。教授过的课程包括录音技术实践、影视音乐编辑、声学基础、广播电视节目声音制作、影视声音设计、声音剪辑、影视声音发展简史、影视录音工艺、影视声音分析、录音专业英语、录音电子技术基础、数理基础等。在中央电视台体育频道兼任音乐编辑、录音师十余年，参加过多台电视节目的录音、扩声以及后期制作。出版多篇专业论文以及《录音专业英语》、《录音电子技术基础》教材，目前正在编写《广播电视音乐编辑》一书。

","
“音乐文化与鉴赏”课程着重讲述世界音乐文化发展，并且可以欣赏到各个时期的音乐作品（音视频）。内容包括中国以及世界部分，例如古希腊古罗马音乐、中世纪及文艺复兴时期的欧洲音乐、巴洛克音乐、古典主义音乐、浪漫主义音乐、民族主义音乐，以及十九世纪末至二十世纪初的各种近现代音乐风格流派，包括音乐剧、歌舞剧、新世纪音乐等。本课程将涉及各个历史时期的代表作曲家、代表作品、各自的风格特征以及形成这些风格特征的文化思潮和历史背景等。讲授内容含有极为丰富的音视频部分。

",
99A0071,影视文学创作与欣赏,1,80,32,2,胡黎红,艺术研究院,1-3年级本科生，专业不限,毕业于北京师范大学艺术与传媒学院电影学专业，获电影学博士学位，现为中国传媒大学艺术研究院教师。主要研究方向为：电影史论、电影创作、电影文化研究与批评。曾开设《当代西方文论》、《影视文学创作与欣赏》、《影视戏剧的创作与制作》、《电影文化研究专题》、《艺术概论》、《艺术文化学》等课程。,"本课程分为中外电影文学、剧作主题、人物塑造、情节建置、开场创作、困境设计、结构安排、对白创作、细节处理等课时，同时从文学剧作及影像化叙事角度对电影创作进行讲解，使学生获得对电影创作的系统理解。
本课程将结合各种创作训练，帮助学生掌握电影文学剧本编创的基本技艺。
在“佳作欣赏”和“个案研讨”环节，选取相当数量的中外优质作品进行鉴赏、解读，提升学生审美趣味与艺术鉴赏力，于审美愉悦中滋养心灵。
在讲授知识与理论的过程中，将深入解读电影与时代、与文化之间的广泛链接，拓展学生的艺术视野与思想边界。
",
99A0072,中国当代艺术二十年,1,80,32,2,谢春,艺术研究院," 
大一  大二  
",谢春，博士，2007年7月毕业于四川大学历史文化学院，获历史学博士学位。2007年7月—2009年9月，清华大学美术学院艺术学博士后流动站工作。2010年10月至今，任职于中国传媒大学艺术研究院。主要从事艺术史论、文化史方面的研究。主要研究成果包括专著两部及数篇核心期刊上刊发的学术文章。,本课程主要介绍现代主义与后现代主义、架上艺术与非架上艺术、艺术尊严与文化身份问题、中心与边缘、艺术的个人化和公共性、女性主义的崛起、当代消费文化视野中的中国美术、中国批评的呼声等当代艺术核心问题、主要理论与研究方法，勾勒出艺术流变的脉络，探索艺术、历史、文化的共建与融合。,
99A0080,俄罗斯艺术文化与戏剧影视赏析,1,100,32,2,刘秀文,外国语学院," 
本科生  
","本人毕业于北京师范大学外语系俄罗斯语言专业，后在我校在获得了新闻学专业硕士，曾被国家留学基金委以学者访问的身份在乌克兰基辅大学新闻学院学习进修，后曾在莫斯科大学新闻系调研学习。
已完成院级和校级科研项目共计2项，曾发表过学术论文数十篇，我校俄语专业骨干教师，承担过俄语专业的精读，翻译，视听说，报刊阅读，
泛读，俄罗斯社会与文化，研究生的新闻专业俄语等课程。
","目前由于俄语专业学时和大三在国外的客观条件的限制,俄罗斯国情课的课时只能把俄罗斯地理,历史勉强讲完,俄罗斯的艺术文化来不及深入展开,但这部分是俄罗斯社会重要的组成部风之一,更是俄罗斯文化内涵丰富和底蕴丰厚的体现,因此本课程是对俄语专业学生来讲,是俄罗斯国情课程的延伸和必要的补充,使学生在国外一年对俄罗斯文化精髓的吸收起到良好的铺垫和指导作用.对其它专业的学生来讲,开阔了的视野,提高了文化素养,了解真实的独具魅力的俄罗斯艺术文化和经典的戏剧影视,培养学生对国际艺术文化的兴趣.",
99A0083,类型电影大师研究,1,50,32,2,陆嘉宁,艺术研究院, 1-3年级本科生（限选50人）不分班  ,授课人陆嘉宁本科毕业于中国传媒大学戏剧影视文学专业，在北京电影学院完成电影学（电影历史与理论方向）硕士、博士学业。学术专长为类型电影研究、电影文化研究、电影作者研究。曾在《北京电影学院学报》、《当代电影》、《中国艺术报》等专业刊物发表专业评论，在《看电影》等主流电影杂志发表一系列影评文章。出版专著《银幕上的昭和——日本电影中的二战创伤叙事》、影评集《黑色记忆：战争创伤影像杂谈》。,本课程将分析为何个别“作者”在类型片体系中独树一帜，其个人风格是如何与商业片创作法则相磨合的，从而进一步思考电影创作中艺术与商业的关系。对于类型电影大师的分析建立在法国电影手册开创的“作者理论”和美国学者提出的“结构主义作者论”基础上，本课程帮助学生做相应的理论储备，带着理论视点解读影片。本课程并不局限于好莱坞类型电影，将介绍一批好莱坞之外其他国家具有特色的类型片和代表性作者，这对探索中国类型片本土化发展道路更有借鉴意义。主要授课内容包括：类型电影研究和电影作者研究方法论简介，国别特色类型电影基本情况介绍（法国、日本、意大利、韩国等国电影），类型电影大师的生平与创作介绍，类型电影大师作品集中赏析（根据需要进行经典片段细读）等等。,
99A0085,传媒音乐文化,1,120,32,2,韦杰,艺术研究院,全体本科生,韦杰，博士，任职于《音乐传播》杂志、艺术研究院传媒音乐研究所，主要研究方向为音乐社会学与音乐传播、传媒音乐教育等。,本课程为交叉型艺术类公选课，旨在引导学生认识自身生活中传媒环境下的各种音乐文化现象，加深对各种传媒音乐文化和相关专业领域知识的理解，并能够运用其为自身的生活和学习服务。主要内容包括：广播影视、音像制品、互联网、通讯网络、演出现场等各类当代音乐传播媒介及其主要的音乐文化现象（如MV-广告音乐、流行歌星包装、电视音乐选秀等）；课堂主要以专题的方式开展，结合典型案例分析与相关影音资料的作品赏析。重点在于使学生认识音乐与传媒相结合的机制，以及各类传媒音乐文化现象产生的社会环境及其社会功能与文化价值。在学习了本课程后，学生应该能够正确地认识音乐的媒介生产，进行辩证分析与思考，对多元音乐文化具备一定的鉴别和选择能力；能够展开更积极丰富的音乐生活；能够结合自身专业提出相关问题并进行思考。,
99A0087,舞蹈欣赏,1,50,32,2,林婷,艺术学部," 
全校本科生  
","2002年—2006年北京师范大学艺术与传媒学院舞蹈系就读
2006年—2009年北京师范大学艺术与传媒学院舞蹈系就读
2009年9月调入中国传媒大学艺术教育部工作
2012年10月评定讲师职称
","本课程将讲授舞蹈艺术的基础理论；舞蹈艺术欣赏法；欣赏分析中外优秀舞蹈代表作品。通过对舞蹈基本理论,舞蹈艺术知识，作品的艺术表现、意境描述、风格特征、技术技巧等的讲授，使学生能够进一步了解舞蹈这一用人的身体去表达人的美感和情感的艺术形式；通过深入分析舞蹈作品，提高学生对各种舞蹈艺术风格、艺术特征的认识。",
99A0093,服装学概论,1,50,32,2,李楠,戏剧影视学院,本科各年级,"
李楠，中国传媒大学戏剧影视学院美术系副教授。先后毕业于北京服装学院、清华大学美术学院，于清华大学获得文学博士学位。已完成部级课题1项和校级课题2项，并参与了2项国家社科艺术类基金项目。发表服装方面论文60多篇，出版了服装类专著《现代女装之源》和《服装品牌橱窗设计》。

设计作品方面，曾获得国际晚礼服设计大赛的金奖、最受媒体欢迎奖、最佳创意奖；获得中国青年设计师大赛的金奖；获得中国服装设计界最高奖评选的银奖。

","服装学概论课程主要介绍服装学的内涵和外延知识。通过本课程的教学，使学生对整个服装设计专业的基本概貌形成全面、系统的认识，提高学生的专业基础知识与专业理论水平，拓宽学生的视野，为开设的其它艺术美学专业课程，特别是美育打下一定的基础。学完本课程后，要求学生能掌握服装的基本概念，服装的存在方式，服装的发展规律，进而了解服装流行的时代特征与奥秘，掌握服装设计的基本常识和设计美的形式原理。

教学的主要内容包括以下几方面：1、掌握服装的基本概念；基本性质；服装学的研究对象和研究方法。2、探索服装的起源与目的——为什么要穿衣？3、服装的分类——穿什么？4、人体着装和服装的机能——如何穿衣？ 5、服装变迁及其规律——如何变化？6、服装设计——如何设计？7、流行与时代——服装流行的奥秘8、国外著名设计师简介与课堂答疑。

课程的重点是，通过服装理论的讲述，以期与其他设计领域乃至美学领域的课程产生交叉效果，使学生的知识可以融会贯通。这也是本课程的深度所在。

",
99A0095,影视画面造型艺术赏析,1,60,32,2,孙泽华,经济与管理学院,全校本科生的一、二年级,    本人长期工作在影视艺术教学与实践的第一线，对影视摄、录、编等工作有着二十多年的丰富经验。在本校为本科生开设《影视画面造型艺术》课程也已有近二十年的历史。,    本课程在讲述画面造型艺术领域每项知识的同时，尽量多应用具体影视剧里的典型实例加以论证。力争做到深入浅出、言简意赅地把一些枯燥的理论知识用形象生动的视觉语言描述清楚。使学生能够举一反三，达到事半功倍的效果。而本课程中所引用的例子，都是本人在长期的教学工作中精心挑选的典型实例，绝大多数都选自中外著名的电影片段。这其中要么是一些在世界影坛上声名显赫的名片，要么就是近年来新上映的优秀中外佳作；另外的一少部分则是选自一些世界优秀的广告精品和有相当影响力的电视剧。本课程的目的就是想让学生在掌握相关理论知识的前提下，尽情去领略艺术大师们的精髓，力争在今后的影视艺术领域中都能有所作为。,
99A0097,电影评论：实践与赏析,1,50,32,2,李春,艺术研究院,"                      本科二年级以上
  
",李春，电影学博士，中国传媒大学艺术研究院电影所教师，2012芝加哥大学、南密西西比大学访问学者。主要从事电影史、电影批评、传媒与社会变迁研究。已承担教学任务：研究生《电影史与电影研究》、《电影评论写作与研究》、《电影学专业文献阅读》；本科生《世界电影史》、《电影发展史》、《走近电影大师》。,本课程重点讲授根据读者群和传播渠道进行影评写作的方法，同时介绍电影评论史上有影响的事件和讨论，赏析和研习专业影评案例；增进电影知识和修养，了解不同诉求的影评标准和电影专业共识；本课程深度高于以课余消遣欣赏，采用教师讲授与学生参与相结合的五步教学法：观影与表达、范例研读、习作分析、讨论、影评实践，帮助学生掌握影评方法，理解当下我国纷繁多样、评价争执频发的电影文化现象，为电影相关传播、创作、营销和研究工作打下基础。,
99A0099,金庸小说与金庸影视剧改编,1,60,32,2,马潇,艺术研究院,本科各年级,马潇，博士、副教授。研究方向为影视艺术理论、中国现当代作家作品研究。,本课程在对中国武侠文化源流回溯的基础上，以金庸为代表的新派武侠小说分析为基础，探讨持久不衰的武侠影视剧创作及金庸武侠剧改编。1. 在中国传统文化背景下探讨中国特有的武侠精神实质。2. 了解金庸等新派武侠小说对传统侠盗小说的继承与创新。3、以反复翻拍的金庸武侠影视剧为个案，分析叙事艺术与影像艺术的表现特征及其金剧改编得失。4、在两大叙事艺术分析基础上，致力于培养硕士研究生对传统文化的文化自信，拓展影视理论视野，夯实影视理论基础，提高影视鉴赏能力。,
99A0100,美国独立电影作品赏析,1,70,32,2,王茵,艺术研究院,                          大一至大三本科生,王茵，电影学博士，讲师，电视剧、电影编剧。学术专长为电影作者研究、类型电影研究。博士论文为《大卫·林奇电影创作研究》，聚焦美国“独立电影”“艺术电影”领域，已出版专著。,本课程为艺术类公共选修课，旨在帮助艺术类专业本科生熟悉类型电影研究和电影作者研究的方法论，并帮助非艺术类专业学生拓展电影欣赏的视野，提升赏鉴水平。主要内容包括：美国独立电影研究和电影作者研究方法论简介，美国独立电影领军人物的生平与创作介绍，独立电影大师作品集中赏析（根据需要进行全片观摩或经典片段细读）。课程重点：了解独立电影发端的社会历史文化背景，并对基础电影理论进行掌握；分析并了解为何独立电影在美国电影中甚至世界影坛中独树一帜，其个人风格是如何与商业片、艺术片创作法则相互借鉴融合的；独立电影人与其他艺术形式的密切关联和这种关联对电影作品的影响；从 “作者论”角度分析几位重量级导演作品：伍迪·艾伦、大卫·林奇、吉姆·贾木许、科恩兄弟、马丁·斯科塞斯、克里斯托弗·诺兰、昆汀·塔伦蒂诺等作品；普及基本电影理论，进行影片文本细读。,
99A0108,流行音乐演唱实践指导与理论讲解,1,50,32,2,王韡,艺术研究院,全校本科生，一、二、三、四年级均可,"王韡（wěi），男，音乐学博士。现任职于中国传媒大学艺术研究院。同时为中国音协流行音乐学会理事兼教育委员会副主任，中国音协音乐传播学会常务副秘书长，海政文工团付林音乐工作室流行声乐教学总监，文化发展研究院兼职研究员，《音乐传播》期刊常务编辑，中国文艺评论家协会会员。主要从事流行音乐演唱实践与理论的教学、科研工作。
2007年9月以专业第一名的成绩考入沈阳音乐学院流行音乐系攻读流行音乐演唱专业硕士学位，师从杨维忠教授。2009年8月留校任流行音乐演唱专业教师。分别于2008年6月、2009年9月在沈阳音乐学院举办了学年、学位两场个人流行音乐演唱音乐会，得到了业界与学界专家的一致好评。2010年7月学位论文《流行唱法中高音的演唱与训练方法研究》全票通过，获得音乐学流行音乐演唱方向硕士学位。
2011年9月又以专业第一名的成绩考入中国传媒大学音乐与录音艺术学院攻读音乐社会学与音乐传播专业博士学位，师从曾遂今教授。2014年6月学位论文《音乐社会学视野下的中国流行音乐演唱风格研究》全票通过，获得音乐学博士学位，并被评为中国传媒大学优秀博士学位论文。同时，在攻读博士学位期间还获得了教育部颁发的博士研究生国家奖学金，北京市优秀毕业生称号等荣誉十余项。
另外，2000年至今师从于海政文工团国家一级作曲、中国音协流行音乐学会主席付林将军，学习流行音乐演唱与作曲。为多部影视剧创作且演唱主题曲，有《久久的沉默》（曲）、《城市之歌》（曲）、《崛起的希望》（曲）、《牛牛》（词曲）、《承诺》（词曲）、《Baby》（词曲）等作品几十余首。2003年1月，本人被记录在由中国文联出版社出版、付林编著的《流行声乐演唱新概念》一书中。曾获第十四届CCTV全国青年歌手电视大奖赛辽宁赛区流行唱法二等奖、北京高校第九届青教赛三等奖等。出版《中国流行音乐演唱风格研究（1927—1979）》《中国流行音乐演唱风格研究（1980—2010）》《中国流行音乐30年》（与付林合作）、《流行唱法入门》（副主编）、《流行唱法经典歌曲集》（参编）等著作，在《中央音乐学院学报》《人民音乐》《黄钟：武汉音乐学院学报》《现代传播：中国传媒大学学报》《高教发展与评估》《湖北民族学院学报（哲学社会科学版）》《戏剧文学》等国家级核心期刊上发表学术论文三十余篇，主持或参与国家级、省部级等课题十余项，指导百余名学生考入国内外音乐学院或其他艺术院校，应邀在全国各大高校、文艺团体、文化局等进行学术讲座数十场。
","《流行音乐演唱实践指导与理论讲解》是为全校学生开设的一门公选课。通过歌唱的呼吸、发声、共鸣、咬字等方面的训练，使学生能够掌握基本的流行音乐演唱技巧。另外，通过学习中外不同风格的流行音乐作品，使学生能够演唱并辨析多种风格的歌曲。同时，对流行音乐演唱的理论有一个初步的认知。该课程还会聘请业界与学界的流行音乐学者进行相关系列的专题讲座。
主要内容：
第一章 流行唱法的基本概念及相关问题
一、流行唱法概述
1.什么是流行唱法
2.流行唱法的特点
二、流行唱法在我国的流传历史
1.20世纪上半叶的流行唱法
2.改革开放以后的流行唱法
第二章 流行唱法的艺术特征
一、流行音乐演唱的声音形态
二、流行音乐演唱的表演形式
三、歌唱前的整体定位
1.风格
2.音色
3.音域
四、流行唱法与现代传播
1.话筒的使用
2.伴奏的选择
3.歌曲的调性选择
第三章 流行唱法的发声特点
一、歌唱艺术发声的共同规律
1.人体发声器官的构造及功能
2.声乐表演艺术的共性
二、流行唱法的发声特点以及声音训练
1.呼吸
2.共鸣
3.语言
第四章 流行音乐演唱的声音技巧
1.真声
2.假声
3.混声
4.气声
5.喊声
6.嘶哑声
7.哭泣声
8.颤音
9.真假声转换
10.强弱声转换
第五章 流行音乐演唱风格
一、按演唱风格分类
1.流行风格及其演唱
2.摇滚风格及其演唱
3.乡村风格及其演唱
4.爵士风格及其演唱
5.布鲁斯风格及其演唱
6.索尔风格及其演唱
7.说唱风格及其演唱
8.拉丁风格及其演唱
9.民族流行风格及其演唱
10.音乐剧风格及其演唱
二、按声线、音色分类
1.浑厚型及其演唱技巧
2.柔美型及其演唱技巧
3.沙哑型及其演唱技巧
三、按表演形式分类
1.独唱型
2.组合型
第六章 发声器官的卫生保健与疾病防治
一、嗓音患病的原因
1.发声方法不科学而产生的疾病
2.呼吸道不健康而产生的疾病
3.流行唱法容易产生的疾病
二、嗓音常见疾病的症状与防治
1.声带充血
2.声带小结
3.声带息肉
第七章 现场演唱指导（一）
第八章 现场演唱指导（二）
",
99A0110,影视艺术与女性研究,1,150,32,2,孙百卉,艺术研究院,全校本科生 ,孙百卉，博士，艺术学部艺术研究院助理研究员。2011年6月毕业于中国传媒大学艺术研究院，获文学博士学位，2011年9月至2014年2月于中国传媒大学博士后流动站工作，主要研究方向为媒介与女性研究。主要研究成果包括：《电视文化与女性主体建构》（硕士论文）、《中国电视剧古代与近、现代女性形象研究》（博士论文）、《社会性别视角下的电视节目研究》（博士后出站报告），先后在《人民日报》、《文艺报》、《中国艺术报》、《中国妇女报》、《新疆日报》、《现代传播》、《中国电视》、《当代电影》、《当代电视》等国内核心报纸及核心期刊上发表学术论文17篇。,"《影视艺术与女性研究》课程是影视艺术研究与女性学研究的交叉成果，运用女性主义这一前沿的理论视角，研究影视艺术的主体、客体、历史及批评，是一门知识丰富、视角前沿的特色课程。
本课程的主要内容包括：电影、电视艺术作品中的女性形象研究，女性电影、电视艺术创作研究，女性电影、电视艺术发展历史，女性主义的电影、电视艺术批评理论研究等。
本课程的学习重点是认识在国际上日趋主流化的女性主义及社会性别理论，并运用女性主义视角分析电影、电视艺术创作。通过学习本课程，学生可以深入思考影视艺术的创作与作品，拓展理论视野，充实人文素养，提升艺术品位。
",
99A0112,电影与审美文化,1,60,32,2,陈思勤,协同创新中心," 
大一到大四热爱电影，喜欢美学，关注文化现象的同学
  
",陈思勤，中国传媒大学博士。从事影视艺术、美学、新媒体艺术、中外文化比较等方面研究。,"电影自诞生起，就被纳入到审美文化的视野之中。其作为重要的艺术形式，既具有审美价值，又折射出社会历史的印迹与个人生存的百态。
本课程以电影史上经典的电影作品为文本范例，从审美文化的视角，按不同专题分析。力图通过作品观摩与理论分析相结合的专题研究，以点带面，了解电影史上重要的美学流派、文化现象、历史变革，研讨当前电影的热点问题等。
通过本课程的学习，使同学们增强对电影的鉴赏力，对艺术的感受力和对影像的创造力,在结课时顺利完成一篇有见解的论文。
",
99A0113,影像叙事,1,151,32,2,韩佳政,动画与数字艺术学院,动画与数字艺术学院外本科生,中国传媒大学艺术学部动画与数字艺术学院教师,《影像叙事》课程从影视导演工作的核心任务出发，通过影像叙事-形象处置、影像叙事-动作处置、影像叙事-时空处置和影像叙事观念等角度，深入阐释影像叙事的深层美学规律和基本编创技巧。本课程立足影像叙事创作实践，通过大量经典影像叙事文本的读解和分析，旨在培养学生的影像叙事思维，提升学生的美学素养，加强学生的影像叙事编创能力。,
99A0123,印度影视文化,1,80,32,2,张文娟,戏剧影视学院,全校本科生,"张文娟，中国传媒大学，广播电视艺术学博士，硕士生导师，文化批评学者。2009年入选中国传媒大学“382人才工程”——中青年骨干教师后备人员，2011年赴美国南加州大学电影学院访学一年。目前主要开设的课程有：《电视节目分析》、《印度影视文化》。
在博士论文基础上形成的专著《电视文艺生态批评论》（中国传媒大学出版社2007年1月版）提出了全新的电视批评视角，为电视创新提供了很多好的思路，受到了学术界的广泛关注与好评。
2011年2月—2012年3月赴美国南加州大学影视艺术学院访学，在学习期间开始关注宝莱坞电影， 2013年开始，本人开始研究印度瑜伽、印度宗教、电影文化，并跟随瑜伽行者去印度学习一个半月，2014年起开始开设《印度影视文化》课程。2015年底-2016年初，在南印度孟买等地学习考察一个半月。《印度影视文化》课程已经连续三次在艺术学部开设，深受学生好评。
","2000年以来，印度电影正经历着最好的年代。《阿育王》、《印度往事》、《地球上的星星》、《三傻大闹宝莱坞》等几部印度电影在中国影迷中走红，让中国人再次感受到印度宝莱坞的魅力。1960-1970年代印度电影来到中国，《流浪者》、《大篷车》伴随着中印友谊红遍大江南北。提到印度电影，大多数人的理解停留在早期对于印度电影的印象。印度电影年产量一直名列世界第一，平均每年生产上千部电影，宝莱坞(Bollywood)电影占六成左右。印度电影文化是印度大众文化的核心，也是领军印度文化产业的一面旗帜。如中国一样，印度在南亚次大陆也是地域广阔，人口众多，电影制片人、导演、演员等自然地将这些内容通过电影体现得更加伟大。正因如此，世界都很欣赏印度电影。
通过本课程的学习，希望同学们能够在中外电影比较的视野中，更好汲取印度影视文化的优秀特质，更好为中国电影电视的发展储备能量。

",
99A0124,歌曲创作,1,50,32,2,付龙,动画与数字艺术学院,"本科一、二、三年级学生
  
",中国传媒大学艺术学部副教授，2008年就读于中国传媒大学音乐学专业影视音乐美学方向，2011年获博士学位。著有《影视声音创作与数字制作技术》、《声音设计与制作》，在专业核心期刊发表论文多篇。担任动画声音创作室负责人，为学生作品进行声音设计、配乐创作。通过Coursera慕课平台完成《Songwriting》课程学习，获得伯克利音乐学院的认证。,"本课程为慕课反转课程，以美国伯克利音乐学院的同名课程为基础，结合中文为歌词的系统进行课程的讲授。
本课程教学目的是提升学生的艺术素养，对学生进行歌曲写作的引导，技能学习，并要求学生能够创作，体验相关制作的流程。本课程以讲座形式分成若干个主题进行讲解。通过各种实践练习将帮助学生真正掌握各种写作技法，以便于学生运用这些技法进行艺术表达。
",
99A0126,影视音乐作品赏析,1,50,32,2,刘洋,戏剧影视学院,本科二年级学生,刘洋，戏剧影视艺术学院文艺系专业老师，副教授，音乐学专业博士学位，承担有本科文艺编导专业的《影视音乐作品分析》、《影视音乐编辑》、《广播音乐节目编导》等专业课程的教学任务。在各学期评教工作中，所教授课程均被评为A类课程，曾荣获2009年度的院级优秀教学奖三等奖。精心地讲述，并结合灵活多样的课堂教学形式，使得这门课取得了良好的教学效果，得到了学生们的普遍认可。此外，本教师于2014年获国家留学基金委艺术类人才项目全额奖学金赴美访学一年，专修有关影视音乐方面的研究课题，获得了最前沿的相关理论资料与先进的授课理念。,此课程是为非音乐学专业的学生开设的有关影视音乐的赏析类课程。本课程以电影、电视剧音乐为主要的欣赏对象，选用其中的经典作品以及在类别和形式上有代表性的作品进行分析。以影视剧音乐的本体构成、基本表现形式、精品分析为系统，从艺术元素到艺术表现形式再到整体分析，逐渐建立起影视音乐欣赏、分析、批评的课程构架，提高对影视音乐的鉴赏能力。本课程着重于培养学生们视听结合的审美欣赏心理，让学生在对影视音乐的形式把握中，在视听语言的艺术关系把握中，对音乐在电影电视中的传播方式有一定的了解，初步建立对影视音乐的基本范畴和审美标准的欣赏和分析能力。,
99A0128,设计思维创新与实践,1,150,16,1,税琳琳,动画与数字艺术学院," 本科生
  
","税琳琳，博士，副教授，研究领域为设计思维、游戏设计
姜浩，博士，教授，研究领域为设计思维、数据科学
王可越，博士，副教授，研究领域为设计思维、广告创意
","设计思维 (Design Thinking) 是当今世界最先进的创新学习与实践体系,源自美国斯坦福大学和国际顶尖的设计咨询企业IDEO。设计思维致力于激发每个人头脑中蕴藏的创新潜能，强调以“用户需求”为中心，同时聚焦于科技的可行性和商业的可持续性，运用多样化的工具和方法，创造性地解决商业、教育与社会问题。",
99A0130,歌剧舞剧赏析,1,50,32,2,冯亚,艺术研究院,"所有本科专业学生
  
",音乐学副教授，硕士研究生导师，研究领域：音乐传播、影视音乐、音乐美学、音乐教育学。,介绍歌剧和舞剧常识；观赏著名的歌剧、舞剧的影像资料；分析歌剧、舞剧中的音乐；介绍欣赏歌剧、舞剧的礼仪；介绍歌剧、舞剧的音乐家、剧作家、歌唱家、舞蹈家、编舞及世界著名的剧院；中国民族歌剧与民族芭蕾舞剧的探索与成绩；观看、欣赏中外经典歌剧、舞剧12——15部，重点分析其中的经典片段；讲述歌剧舞剧的美学特征。,
99A0131,拉丁美洲电影作品赏析,1,108,32,2,付晓红,戏剧影视学院," 
全校2014、2015级和2016级本科生
",1975年出生，2004年毕业于北京大学艺术系（现北京大学艺术学院），硕士。2004年到中国传媒大学任教后曾担任《中国电影史》、《中外电影史》、《电影作品分析（欧洲）》、《电影作品分析（拉美）》等课程的讲授工作。,第一篇行旅篇，主要是介绍拉美公路电影，探讨拉美电影的地理空间和银幕人际空间；第二篇情爱篇，通过三部拉美的爱情电影，分析拉美电影的场面调度、想象空间与回忆空间；第三篇章为魔幻与现实篇，介绍两部影片，探讨拉美电影与拉美小说一脉相承的魔幻现实主义风格。,
99E0007,财务分析,1,50,32,2,王苏,工商管理系," 非工商管理类专业的全校本科生
  
",2004年毕业于澳大利亚新南威尔士大学，获得商学硕士学位。中国注册税务师、会计师，是学校财务分析优质示范课程建设项目负责人，是学校教改项目《财务分析》课程体验式案例教学改革研究项目的负责人。目前主要承担财务分析、高级财务会计等课程的教学，近年来发表会计、文化产业税收以及企业管理方面的论文数篇，参与多本教材编写。,本课程通过案例教学、视频播放、资料点评等教学方式向学生展示企业会计报表的基础知识和分析技巧，使学生能够基本看懂资产负债表、利润表、现金流量表与所有者权益变动表，并在此基础上进行比率分析。课程侧重于使非工商管理类学生学会看传媒上市公司年报，从中了解传媒业经营绩效和产业发展趋势，从而能够更好地理解财经新闻以及创业大赛中财务分析部分的内容。,
99E0009,会计学,1,53,32,2,刘钰,工商管理系," 
全校  
",讲师，会计学硕士，传媒经济学博士，优质示范课《会计学》项目负责人。,本课程是经济管理类专业的专业基础课，主要介绍会计基本理论；会计账户与复式记账方法——借贷记账法；会计循环 ；制造业常见经济业务：筹资、采购、生产、销售、利润的形成与分配的会计核算；会计凭证与账簿的种类、格式、内容以及填写和登记；发出存货成本计算方法；财产清查；主要会计报表的编制及简单分析；会计在日常生活中的应用如：为学生介绍日常生活如何记账及简单的理财。,
99E0012,信息资源管理,1,50,32,2,黄锐,经济与管理学院," 
全体本科生  
",经济与管理学院教师，主要从事信息管理与信息系统方面的教学和研究工作。,本课程从信息资源管理理论和实践两个角度出发，向学生展示信息管理工作从产生到信息管理实践的发展脉络，介绍信息资源管理理论的基本概念、原理、技术和方法以及最新学科发展动态。本课程主要内容包括以下几个方面：信息资源的涵义和特点，信息资源管理的目标与任务，信息资源的内容管理，包括信息组织、信息检索、信息分析等，信息系统的管理、信息成本与价格等。,
99E0017,证券投资,1,80,32,2,胡小莉,理学院, 在校大一 至 大三学生,胡小莉，女，研究方向：宏观经济与金融市场，中国传媒大学任职期间承担过宏观经济学、微观经济学、计量经济学、金融工程、风险管理、投资学、财务管理等课程的教学任务。,本课程的目标是在授予学生较为完整的学科内容体系的基础上，更好地培养学生对证券市场的关注度进而激发更多的学习兴趣，培养学生对所学知识的应用能力和动手解决问题的能力。主要内容有：证券及证券投资工具的基本知识；证券投资的基本知识；证券市场的基本知识；证券投资分析的基本知识；证券组合管理的基本知识。让学生全面了解证券投资及证券市场的基础知识，掌握证券投资分析的基本方法和技巧，正确进行投资决策。 ,
99E0023,财务管理,1,55,32,2,张颖丽,工商管理系,                   全校本科生大1—大3年级,张颖丽，经管学部教师，长期从事财务会计专业教学工作；具有扎实的理论功底和丰富的业界实践经验，专长领域为财务管理理论与实务。在学院主要讲授课程为《财务管理学》、《财务会计学》、《成本会计学》等。,"本课程是针对全校本科学生开设的一门公选课，讲授财务管理理论与实务知识，结合大量案例分析，深入浅出讲解财务管理基本知识、基本原理、基本方法、筹资管理、投资决策、利润分配管理，使学生能在今后的工作中熟练应用所学知识 
本课程为全校学生提供了一个了解相关财务知识的平台，有利于不同专业学生拓展自己的知识面，掌握经济生活中必备的财务知识。 
通过本课程的学习，学生能够掌握公司财务管理的概念及目标；货币时
间价值、风险报酬的概念及其计算；筹资管理；投资管理；营运资金管理及利润分配的管理。以便学生更好的适应将来的工作与生活。
",
99E0027,国际金融,1,50,32,2,方英,经济与管理学院," 
除经济与管理学院经济系外的全校学生本科生
  
",教授，博士，经济系副主任，主要从事媒体战略管理和文化企业国际化经营的教学和科研，为本科生开设《国际金融》、《国际贸易》，为研究生开设《计量经济学》。,本课程是以经济全球化、金融一体化环境为背景，以案例教学的方式，讲授国际收支平衡表的基本内容、国际收支的调节手段、外汇储备的内容、作用以及管理原则；明确外汇和汇率的概念、汇率制度的基本内容、汇率决定的基础和影响汇率变化的因素、外汇市场的具体业务；了解国际金融市场的产生发展过程及其未来发展的趋势；理解金融危机产生的原因以及对实体经济的影响机理。,
99E0031,新制度经济学,1,50,32,2,仇喜雪,经济与管理学院, 所有对经济学学科感兴趣的学生  ,仇喜雪，毕业于中央财经大学国民经济学专业，经济学博士，副教授，主要研究方向是经济制度与经济发展。讲授过相关的课程包括《产业经济学》、《经济学说史》、《新制度经济学》、《国际经济学》等。近3年来参与过多项课题的研究。,"本课程主要包括以下几个专题：
第一讲：“黑板经济学”的批判（2学时）第二讲：交易费用：经济有机体的解剖刀（2学时）第三讲：产权理论：“道德之神”与“效率之方”（2学时）第五讲：契约理论：交易的“侍女”（2学时）第六讲：企业理论：生产中的制度结构（2学时）第七讲：国家理论：“天使抑或魔鬼”（2学时）第八讲：制度分析与制度设计（2学时）
",
99E0033,管理沟通,1,50,32,2,张红,工商管理系,2015、2016年级本科生,中国传媒大学经济与管理学院，工商管理系，副教授。毕业于中国人民大学国民经济管理专业，获得经济学学士学位，主要研究方向为企业竞争策略与产业政策、媒体经营管理。承担本科课程《管理学原理》、《企业战略管理》、《管理沟通》、《经营管理诊断》等教学任务。参与多项国家及省部级课题，出版专著1本，第一作者发表论文共18篇，合作发表论文十余篇。2004年入选中国传媒大学第一批“382”人才工程。,沟通是管理的重要组成部分，可以说管理者与被管理者之间有效沟通是任何管理艺术的精髓。通过本课程的教学，使学生了解管理沟通的基础知识，掌握沟通的基本策略，熟悉常用的几种沟通形式；结合案例讨论、管理游戏、角色扮演等教学方法，使学生掌握沟通的基本技巧，尤其是面谈、演讲、团队沟通、非语言沟通等基本技能。同时，帮助学生建立良好的管理沟通意识，逐渐养成在任何沟通场合下都能够有意识地运用管理沟通的理论和技巧进行有效沟通的习惯，正确的表达自己。,
99E0034,证券投资技术分析,1,80,32,2,韩然,理学院," 在校 大一 至 大三学生
  
",本人应用数学专业，主修金融数学的主要课程，曾为保险系的学生讲授过利息理论、风险理论等课程。教授高等代数、线性代数、概率论与数理统计、复变函数、高等数学等数学课程。,本课程是通过介绍证券投资工具的基本知识、证券市场的基本知识、证券投资技术分析的基本知识、投资技术分析概述、K线理论、证券投资的主要技术理论分析等，让学生全面了解证券投资及证券市场的基础知识，掌握证券投资分析的基本方法和技巧，正确进行投资决策。主要任务是向学生系统阐述证券投资技术的基本知识，基本理论和基本方法，了解证券投资的基本过程，具备分析和解决证券投资实际问题的基本能力。 ,
99E0039,市场营销管理,1,50,32,2,孟庆顺,工商管理系, 除工商管理类专业学生以外的大二及以上年级的学生。  ,主要教授《管理学原理》《市场营销管理》《人力资源管理》等课程。,课程的核心是研究企业如何从顾客的需要出发，组织市场营销活动，使企业在激烈竞争的市场环境中获得生存和发展。本课程是经济发展中最为重要的管理学科之一。具体内容包括：市场营销导论、市场研究、目标市场选择、市场营销组合策略等。本课程旨在完整介绍市场营销的知识体系与研究方法，使学生牢固树立以顾客为中心的市场营销观念，在此基础上系统掌握市场营销学的基本原理和方法。,
99E0042,企业家领导力开发 ------教练的理论与技术,1,70,16,1,曾海波,经济与管理学院," 全校各专业本科生
  
",应用心理学博士，兼任国际EAP协会中国分会副秘书长，负责EAP专业人员发展，专注于领导力教练。,"课程主要内容：领导力教练的理论发展；领导力教练的主要模型；领导力教练的主要技术与实践；领导力开发与传统文化之间的关系。
本课程为体验式学习，以课堂演示、讲解以及练习构成。练习部分包括：过程咨询、教练问答以及反思团队等形式，着力提升学生对于思维方式以及沟通方式的觉察，促进思维模式的重构与突破，改善互动的社会技能。
",
99E0043,创业之创意经济,1,120,16,1,姚林青,经济与管理学院," 
  全校学生
",姚林青 博士 教授 经济系主任,"学生通过《创意经济》的学习和相关案例分析，使学生掌握创意经济的特点与实质特征，理解互联网+时代创意产业的发展规律，了解创意经济的成功案例，获得运用创意经济理论分析解决实践问题的能力。 
课程的主要内容包括：创意经济的本质、创新者必备的特质、零成本的经济及免费基础上的商业模式、价格制定、创意经济的增长及特性、创意经济的实践解读。
",
99E0045,创业财务筹划,1,120,32,2,赵桂英,工商管理系,  全校限选本科生,本人毕业于中南财经政法大学财务与会计专业，长期从事会计教学，教授的课程涉及面较广，主要教授会计实务方面的课程，如《会计模拟》《会计制度设计》等；曾参与多项科研项目及会计方面教材和书籍的编写；多次组织会计专业学生参加了“网中网杯”全国大学生财务决策网络大赛， 并取得了较好的成绩。,本课程从创业者的角度出发，以财务和会计的基本理论为基础，主要介绍：创业的基本准备；创业之初应该了解的法律法规；会计基本理论及会计循环；创业谋划的财务考量；创业之初的资金筹集；创业中的内部财务控制与风险防范 ； 财务会计报告的基础知识及如何读懂财务报创表等内容。,
99E0046,创业学,1,50,16,1,刘长迎,工商管理系, 全校各专业一年级至三年级学生，混学分者勿入,吉林大学经济学学士，清华大学工商管理硕士，讲师，主要讲授《创业学》《管理学原理》《人力资源管理》《销售管理》《创新管理》等课程,本课程以创业过程为主线，探讨创业的内涵，明确创业者的素质以及创业团队的组建；分析与识别商业机会，通过资源运用与整合，构建相应的商业模式；学会在市场分析、技术分析、风险分析与财务分析的基础上，制定创业计划书；熟悉新创企业融资、新企业开办、新企业成长等知识，从而培养学生的创新创业精神和能力。,
99E0049,媒介营销管理,1,50,32,2,张宏,广告学院,全校学生  ,"张宏：经济学博士，拥有丰富的经济学、营销学和管理学教学科研背景。 
谢丹：硕士主修应用传播学（媒介经营管理方向），博士主修广播电视新闻学。长期关注媒介产业及文化产业营销管理领域。
",带领学生了解、分析和掌握市场营销学方面的专业知识，,
99E0053,商业模式设计,1,50,16,1,窦毓磊,工商管理系," 
 大二及以上学生 
",课题组,《商业模式设计》这门课程隶属于管理学范畴。这门课程开设的主要目的是帮助学生了解何谓企业的商业模式，如何为一个企业设计商业模式，一个完整的商业模式究竟由哪些要素构成，如何将好的产品或创意通过优秀的商业模式设计转化为企业的利润？本课程尤其针对立志创业的学生，提供系统的工具学习与训练。本课程采取理论与实践相结合的方式，在讲授理论的同时，鼓励学生提出自己的创业计划及梦想，运用商业模式设计原则进行指导及实施，同时，邀请业内各领域的成功创业人士担任嘉宾讲授各自在创业领域所遇到的各种困难及解决方案，帮助学生理解目前创业中应当考虑的关键原则及处理方法，充分调动学生的积极性及创造性，使其对于商业模式的内涵有直观的认识及了解。,
99E0055,文化创意产品策划,1,130,32,2,谢伦灿,经济与管理学院,"大一、大二、大三本科学生
  
",谢伦灿：教授，博士生导师，现任经济与管理学院副院长，教授委员会副主任，区域经济研究院执行院长，曾任湖南卫视导演、中南大学艺术学院副院长、中国传媒大学文化产业研究院副院长、文化产业博士后、国家广电总局网络视听节目管理司规划处副处长。发表国家级核心期刊论文40多篇，主持国家社科基金和国家985平台基金10项，主持和参与了北京、广东、上海、湖南等10多个省市的文化产业规划编制的撰写和北京798艺术区二期、浙江横店影视基地、联合国南南组织上海创意区、北京国际文化保税创新园、奥运园区文化提升规划设计等国内外重大项目的文化主题概念设计和规划以及担任电视剧《缘来幸福》、《幸福双黄线》的艺术总监、《秦淮八艳》总监制。综艺《卧趣》总策划、总编剧（深圳卫视周日正热播）。出版专著《艺术产业运营学》、《文化产业的评价与发展》。 ,本课程是一门针对文化产品和项目如何进行策划和营销的技术实际操作课程，结合大量案例，理论联系实际，讲授文化产品创意的思维培养、营销手段、策划技巧，对文化产品项目进行可行性分析、方案撰写。课程中设计有模拟实验，实地考查，让学生亲身体验创意的乐趣， 熟悉文化项目的策划方法，基本掌握产品营销要领。最后由同学们组成策划营销小组展示自己小组作品。,
99E0056,领导力,1,100,32,2,薛永斌,经济与管理学院," 
本科在校生  
","从事领导学教学和科研工作30多年，积累了比较丰富的教学工作经验，出版领导学方面的著作多部（包括译著）。上课形式活泼，善于采取案例教学方式，和学生有较多的互动。

","通过本课程的学习，使学生全面了解领导学的基本内容，包括个人领导力构建、团队领导培养和组织领导力提升。本课程最大特点是从听课学生的现实出发，通过改变自身的心智模式，通过提高情商，来逐步缔造领导力，进而提升自信力，掌握领导技能，不断开拓视野，全面提高自身的基本素养，为今后走向中高层管理岗位奠定良好基础。从而充分发挥自身的领导才能，实现自我价值。
课程主要内容包括：模块1：领导学概述；模块2：领导学基本理论；模块3:个人领导构建；模块4：团队领导力培养；模块5：组织领导力提升。重点是个人领导力构建，通过提高情商，来培养和缔造个人领导力。
",
99E0057,创意营造学,1,60,32,2,卜希霆,经济与管理学院,全体本科生,"卜希霆，现任中国传媒大学经管学部党委副书记、文化发展研究院副院长、副研究员、硕士生导师、文化部公共文化研究基地主任。研究方向：公共文化、创意营造、品牌农业、文化创意产业。著有《创意营造学》、《网罗城镇—未来城市的想象力》等专著。（个人网址http://bulca.qingk.cn）

",本课程以“创意营造”研究为核心，围绕创意及创意营造概念溯源、内涵外延、构建要素、动力机制、主导力量、模式路径、策略与方法。结合中国新型城镇化建设要求，围绕公共空间、园区、社区、乡村、小镇、城市综合体、文化遗产等创意营造领域与案例，分析研究城镇创意营造过程中的政府、企业、民间组织、社区、大学、市民等相关主体特征，提出创意营造的流程化管理、指标化治理、日常生活审美化的城乡文化创新发展的动力机制、创意文化生态系统构建，引导相关专业本科生围绕文化产业、公共文化开展创意规划实践与案例教学，提升学生的创意规划能力。,
99H0014,中西社会思想比较专题,1,50,32,2,邹千江,文法学部,"                              全校本科生
  
",邹千江，社会学博士，副教授，社会思想史专业委员会理事，马克思主义理论研究和建设工程重点教材《中国社会思想史》编写组主要成员。2005年到我校任教，主要从事社会思想和社会学理论的研究，出版专著《冲突与转化：中国社会价值的现代演变》（2008年）、《吴景超社会思想研究》（2015年），发表期刊论文30余篇。,行动源于思想，思想指导行动，思想和行动密不可分，社会思想是社会公认的经历史检验对社会生活影响较大的思想理论及对思想和社会的关系进行探讨，如我们所熟知的孔子、老子的思想，以及西方柏拉图、亚里士多德的思想。本课程内容为中西社会思想比较专题，重在展示西方不同国家如美国、德国、英国、法国、意大利、西班牙等国家在当代流行的思想和理论，阐释我国当前主流思想及其古代渊源，强调社会日常生活的思想，民间百姓的思维方式。从中我们可以了解到不同国家民族社会思想理论的典型特点相互联系，有助于理解如何继承传统以及对西方文化的借鉴吸收等。本课程将依照中西社会思想的发展脉络，阐述各国当前社会思想理论的代表人物、理论流派，并结合现实进行分析，揭示社会生活的思想逻辑。思想和生活融和在一起，让我们学习具备更充分的思想力，用思想改变世界，更好地理解全球化背景下的社会和自我。,
99H0021,中国古代历史文化专题讲座,1,50,32,2,赵永如,马克思主义学院, 本科生  ,赵永如，女，政法学院近现代史教研室教师，主要从事中国古代史、近现代史的教学和研究。,"《中国古代历史文化专题讲座》课程涉及中国历史文化的基本内涵、中国历史文化的经济与政治环境、中国古代职官制度、中国古代礼制、中国古代新儒学、中国古代科学技术、等。该课程通过对历史文化知识的介绍，把握历史文化的特征，从历史文化的变化揭示传统思维方式及其价值追求，进而去寻找其实际效应和普遍意义。
通过学习，加深学生对祖国古代历史文化的理解，拓展历史文化视野，提高学生人文素养，提升其感悟历史的能力；特别是要以理性态度和务实精神去继承传统，增强学生对中国传统文化的认同感与自尊感，激发其民族自豪感，以培养时代所的具有较高人文精神和人文素养的人才。　
",
99H0027,文学名著的影像解读,1,120,32,2,杜彩,文法学部,全校的本科生,文艺学博士，副教授，对文学艺术教学有较长经历，熟悉中西方电影文化。, 文学名著是古今中外那些具有较大的思想深度和具体的历史内容、并在艺术形式上具有典范性的不朽之作，通过阅读根据文学名著改编的影视作品，既可以追溯文学名著的深刻文化内涵，又可以理解影视艺术，理解“文化工业”时代的文学影像传播等。除了带领同学们解读这些影视作品外，还有意识地收集了一些国内外媒体介绍相关著名作家的一些影像资料，如中央电视台“教科文行动”中的“古希腊神话与英雄史诗”、“托尔斯泰”等，美国历史频道“人物志”系列中的“莎士比亚”、“海明威”等，这些介绍著名作家的纪录影像与根据他们作品改编的电影文本形成了很好的阅读“互文性”。,
99H0053,普通逻辑学,1,50,32,2,李淑文,马克思主义学院,文科本科专业，年级不限。,李淑文，马克思主义学院教授。主要从事研究生及本科生的逻辑类、哲学类课程的教学工作，主要研究领域为思维方法、环境伦理。在CSSCI期刊发表论文约30篇，一般期刊发表论文40余篇，出版《创新思维方法论》等专著，曾获北京市高教学会哲学研究会优秀论文一等奖等多项奖项。主持科研课题多项。,联合国教科文组织所列的基础学科包括数学、逻辑学、天文学和天体物理学、地理科学和空间科学、物理学、化学、生命科学，逻辑学排位第二。联合国教科文组织曾邀请全球 500 多位教育家列出他们心目中最重要的教育目标，其中“发展学生的逻辑思维能力”居 16 项教育目标的第 2 位，可见逻辑思维能力的重要性。普通逻辑学是一门基础学科，又是一门工具学科，它是一种正确思维与有效交际的理论，与每个人的日常工作与日常生活都息息相关。 普通逻辑学具有基础性、工具性等特征，是教育部规定的普通高校文科相关专业的必修课程，其开设目的在于使学生比较系统地了解和掌握普通逻辑的基本知识，通过学习不断提高学生的逻辑思维能力，为有效地学习其它学科打下基础。,
99H0057,中国古代女性服装与传统文化,1,80,32,2,李汇群,传播研究院," 全校本科生
  
","2005年毕业于北京大学中文系，获文学博士学位。出版著作《闺阁与画舫：清代嘉庆道光年间的江南文人与女性研究》一书，发表论文数十篇，其中多篇核心。现任中国传媒大学传播研究院副研究员，长期为本科生讲授传播、文艺类课程。已撰写完成《逝去的时尚》专著，即将出版。

",本课程是文化学和艺术学的交叉课程。将通过大量的图片和文字材料，梳理中国历代女性服装的脉络和源流。该课程的开设，将有助于丰富学生的历史知识，拓展其文化视野。本课程拟将中国历代女性服装分为绪论、首服、上衣、内衣、下裳、深衣、腰带、裤、足衣等九个章节加以详细介绍。本课程将重点讲述女性服装在中国历朝历代的衍变和发展，还原服装风格形成的具体的历史语境，分析服装时尚变化背后深刻的文化因素。本课程的深度在于立足于大量材料，从阶层、性别、经济等不同角度，对传统、现代文化进行深入的观照和解读。,
99H0084,职场形象的自我塑造,1,50,32,2,赵小钦,播音主持艺术学院,"1. 面向在校大一和大二本科生（注：此课程内容不涉及播音主持学院学生专业，播音主持艺术学院学生因学院设有相关课程，不在此报名范围内）。）
2. 报名学生能够确保上课时间并有条件自费购买所需化妆品和相关的学习用具用品，男女不限。
",多年从事人物造型艺术的实践，设计，研究与专业教学（影视剧，播音与主持，歌舞晚会，电视广告等等）。1996年至今担任播音主持艺术学院形象设计与造型课主讲教师，并且分别编写本科形象课以及形体课的教学大纲以及播音主持形象课程的本科教材，编写并由中传出版社出版《电视播音员主持人形象设计与造型》专著。除此而外，具有形体训练的专业知识以及亲身经历和教学经历。毕业于北师大研究生院心理学专业研修班。,此课程是根据我校电视传媒的职业特点以及学生在职场和社交、就业等方面的需要而开设的实用课程。内容围绕职场和职业面试形象展开。以提高审美修养和职场形象意识为切入点，学习自我塑造形象，针对性强，注重实用。其中介绍化妆、发型、着装等相关要素及形体修养的相关知识，立足职场造型的基本要点展开教学。具体分析、设计每位学生的基本形象，辅导学生在实践操作中掌握自身形象的调整特点和相应技法，能够独立把握并完成自我形象的基本塑造，为步入职场打下良好基础。,
99H0085,周易与人生,1,130,32,2,秦学智,传播研究院," 全体本科生
  
","传播研究院副教授，《传媒国际评论》丛书主编，传播学专业媒介素养方向硕士生指导导师，北京师范大学教育学博士，中央教育科学研究所比较教育学博士后。平生对中国古代哲学、历史、文化、宗教、教育等有浓厚兴趣。推崇《周易》“天行健，君子以自强不息”精神、道家“无为而无不为”智慧和“天人合一”境界。现主要从事传媒教育史、媒介素养教育基本理论与应用推广等教学科研工作。迄今发表学术论文60余篇，专著、合著和副主编共9部，参与包括国家级和省部级“十五”、“十一五”规划课题多项。

","本课程属于人文社科类公选课。其任务是将周易中所蕴藏的人类生活智慧和精神介绍和分享给尽可能多的本科生，让本科生一方面接受传统文化的熏陶，并对中华悠久文化产生敬慕之情，另一方面培养本科生自强不息和奋发有为的主体性精神。
本课程以对《周易》的阐释、分析和研究成果的讲说为楔入点，熔自然科学、人类学、心理学、社会学、文化学、教育学、历史学、符号学等理论知识于一炉，结合人类生活或学生生活的实际，来揭示《周易》中所蕴藏的人生智慧，以培养一种积极求实、乐观进取、无为而无不为的生活心态和精神。
本课程的教学内容和进度为：第一部分，课程引入和周易基本知识（4学时）；第二部分，周易与人生主体部分（26学时）；第三部分，简单实用预测技术（2学时）。重点阐发周易蕴藏的人生智慧和能动精神，通俗易懂。
",
99H0109,文体写作,1,80,32,2,孟伟,传播研究院, 大学本科1—3年级,孟伟：博士、教授、博士生导师。自1999年以来任职于本校。讲授过基础写作、写作与语言艺术、传媒写作、评论写作、广告文案、文学文体写作等7类本科写作类课程。“写作与语言艺术”校级精品课负责人；2007年作为负责人、主讲人的同名课程，获我校首批网络教育国家级精品课称号； 2013年该课程又入选全国首批国家级精品资源共享课。出版《现代传媒写作基础教程》、《媒体写作与语言艺术》（下）、《声音传播》、《广播传播学》、《移动互联时代的中国广播影响力》、《互联网+时代音频媒体产业原理重构原理》等著作，发表相关论文40余篇。主持省部级等各类科研项目10余项。,“文体写作”是一门实用的写作课程，侧重系统的写作理论和实践知识的讲授，目的是在新媒体发展背景下，提升学生新闻写作、评论写作、文学文体写作，以及主要的应用文的写作能力。教学方式侧重讲授与创作实践的结合，以范文案例分析的方式，注重当前最新的写作发展趋势和规律的讲授。,
99H0110,积极心理学,1,60,32,2,倪桓,新闻学院,全校本科生,主讲教师倪桓，女，博士，传播学专业，研究方向为新闻与传播心理。,积极心理学是20世纪末西方心理学界兴起的一股新浪潮。与传统心理学对消极、病态心理方面的关注不同，积极心理学强调对生活中积极心理因素的研究，如主观幸福感、美德等。主张研究人类积极的品质，充分挖掘内心潜在的具有建设性的力量，关注如何使生命更有意义和价值。对大学生而言，探索和认识自身的积极品质，理性看待美好未来尤为重要。《积极心理学》旨在提供一种看待生活的不同视角，使学生了解积极心理潜能的各种因素，认识并发掘自身的积极力量，通过体验式活动或训练，悦纳自我，学会心灵自助，获得成长。,
99H0116,佛教与中国社会,1,60,16,1,冯波,文法学部,"
1-3年级各专业本科生。  
",冯波，社会学系教授、系主任，中国社会学会、北京市社会学会、中国社会学会网络社会学专业委员会理事，研究领域为：传播社会学、文化社会学、宗教社会学、京剧社会学。,本课程从文化社会学的视域研究汉传佛教与中国社会的关系，内容涵盖中国佛教发展简史、佛教的中国化；佛教与经济、政治、文化、社会、个人的关系等。本课程的目的是帮助学生理解作为中国传统文化一种形式的佛教及其演变，佛教与中国社会的关系，提高学生理解、分析、认识佛教文化及其与中国社会关系的能力，树立科学的宗教观，能够从社会学的角度认识和分析宗教问题。,
99H0138,有声语言艺术赏析,1,80,32,2,刘鹏,播音主持艺术学院,面向全校本科生  ,刘鹏，播音主持艺术学院分团委副书记，2009年6月，中国传媒大学播音与主持艺术专业本科毕业；2011年6月，中国传媒大学广播电视语言传播专业硕士研究生毕业。2011年7月在播音主持艺术学院工作，参与教育部语言文字应用管理司主管主办的齐越朗诵艺术节暨全国大学生朗诵大会、与首都图书馆搭建的综艺教学实践平台等教学实践任务，组织指导学生进行大量业务实践。目前参与教育部重点课题《中国传统文化有声语言传播》，负责学校重点课题《新媒体时代下高校思想政治教育工作的创新实践研究》，承担学院在职播音员主持人进修班课程《有声语言艺术赏析》。,    本课程是兼具人文性与艺术性，通过目前广泛开展的诵读活动，以经典诗文等文学作品为文本，选取不同类别的诵读影音作品，推广普及诵读的基本知识，从诵读创作规律和诵读审美形态等方面进行有声语言艺术赏析，潜移默化地提高有声语言艺术的鉴赏能力和表达能力，强化人文修养和艺术素质，以多实践、多互动、多交流的方式指导同学们进行有声语言艺术实践创作，同时传递热爱诵读、崇尚读书的良好风气。,
99H0142,人际关系发展方法,1,50,32,2,季蕾,文法学部,面向全校大一到大三本科生,季蕾，北大社会学系在读博士生，讲师。2005年参加工作，主要从事社会调查研究方法和社会工作方面的教学与研究，目前是国家注册社会工作师（中级）。近年作为中国社会工作教育协会、中国科学技术发展战略研究院、联合国儿童基金会的研究成员和项目伙伴，完成了社会工作发展、公益组织评估、特殊群体心理社会服务等方面的研究，发表论文若干篇，曾多次在社区和大中小学开展青少年自我发展培训。,"人际关系发展方法以自我认识和人际关系认识为核心，是社会工作实务方法的重要组成部分。本课程的意义体现在两个方面：1、大学生自身处于成长的关键时期，社会工作实务方法中关于自我和人际成长的方法对于学生的个人成长有重要意义；2、近年来我国政府大力推动社会工作的发展，很多不同专业的学生毕业后越来越多地进入社会服务、社区管理、公益组织、企业社会责任部门等社会工作的相关岗位，对于有志于相关职业的学生来说，人际关系发展的方法是非常必要的。
本课程以社会学和社会工作中有关人类行为、人与环境、人际关系的理论为基础，介绍自我认识和人际发展的方法。本课程重视应用性，要求学生认真学习理论知识，并积极参与课堂讨论和角色扮演，掌握人际关系发展的具体方法。
",
99H0146,西方经典文论导读,1,60,32,2,孙凌钰,文法学部," 
全校本科生  
","1983年12月出生，本硕毕业于北京外国语大学中国语言文学学院，博士毕业于北京大学中文系，专业是比较文学与世界文学。

",西方文学艺术的发展可以分为古代、近代、现代和后现代四个阶段，西方文论的发展也是如此。《西方文论导读》这门课主要是对这四个阶段的西方文论进行梳理，在宏观介绍西方文论发展的政治思想背景的同时，挑选经典篇目进行文本细读，使学生深入了解西方文论的发展历史。,
99H0151,心理成长互动体验,1,40,32,2,孙靖,马克思主义学院,全校各年级各专业本科生,"孙靖   马克思主义学院党总支副书记  国家职业心理咨询师（二级）
1999年毕业于北京师范大学教育系教育管理专业  教育学学士
2005年中国传媒大学经济与管理学院管理科学与工程专业  工学硕士
北京大学教育学院教育博士在读
",本课程是一门集知识传授、心理体验与行为训练为一体的课程，课程旨在为学生提供一个启迪个人心理成长的机会，帮助大学生学会选择适合自己的心灵成长道路。课程重点是对自我未知心理世界以及人际互动中自身心理发展的路径探索，授课形式分为知识点讲授、游戏互动分享、团体小组训练等。本课程最大的特点是实用性和互动性，课程内容从人生的全程发展入手，紧扣青年成长经历中的压力与健康、沟通交往、爱与性以及职业生涯发展等，更深入到触碰内心的孤独、存在的意义以及如何面对死亡和丧失。,
99H0153,外国电影在中国的传播与影响,1,50,32,2,袁庆丰,经济与管理学院,全日制本科生，一、二、三、四年级,中国传媒大学教授、电影学专业博士生导师。著有：《黑皮鞋：抗战爆发前的新市民電影——1933～1937年現存中國電影文本讀解》（台湾，2016），《黑乳罩：1949年后外国电影在中国大陆的文化传播和世俗影响》（台湾，2015）、《黑馬甲：民國時代的左翼電影——1932～1937年現存中國電影文本讀解》（台湾，2015）、《黑棉襖：民國文化中的舊市民電影——1922～1931年現存中國電影文本讀解》（台湾，2014）、《新世纪中国电影读片报告》（北京，2014）、《黑夜到来之前的中国电影:1937年现存国产影片文本读解》（北京，2012）、《黑白胶片的文化时态——1922～1937年中国早期电影现存文本读解》（上海，2009）等专著。,"1949年新中国成立后，直到1980年代末期，除了少量的西方資本主義國家尤其是美國和日本的電影之外，进入中国大陆的外国电影，主要是由以苏联、东欧和亚洲社会主义国家为代表的电影为主。几十年来，这些以译制片形式出现在中国大陆的外国电影常年累月反復公映，不仅是同質化的意識形態影像教材，还是民間窺視、揣測外部世界的唯一管道，不仅是大陸民眾的精神食糧，还影响着共和国文化的建立和公众精神世界的底色构成。
本课程选择有代表性的、对中国社会产生过重大影响，同时传播广泛的外国电影文本，以个案研讨的方式逐一读解，在引导学生基本掌握中外电影交流与发展脉络的同时，亦对其进入和传播的时代背景、文化逻辑和艺术品位做多角度的学术研判，希望借此开阔和提升学生对中国当代文化历史和电影文化艺术的认知视野和境界，更好地为学生学术能力的全面提升与发展服务。
",
99H0155,还原真实——考古发现与影视剧故事,1,50,32,2,梁超,理工学部,课程的内容主要包括古代的文字、历史、渔猎、畜牧、农业、谷物、冶金、饮食、衣服、居住、交通、生死、医药、宗教、天象等，侧重于对古代社会文化生活的了解。,"梁超 文学博士 主要从事汉语史和简帛文献研究。

",课程的内容主要包括古代的文字、历史、渔猎、畜牧、农业、谷物、冶金、饮食、衣服、居住、交通、生死、医药、宗教、天象等，侧重于对古代社会文化生活的了解。,
99H0156,非物质文化遗产概论,1,60,32,2,杨红,经济与管理学院,任意年级本科生,"艺术学非物质文化遗产方向博士，副研究馆员，清华大学设计学博士后。研究方向为非物质文化遗产的数字化保存、展示与传播，出版专著《非物质文化遗产数字化研究》（社会科学文献出版社，2014）、《非物质文化遗产展示与传播前沿》（清华大学出版社，2017）；主持完成国家文化部文化科技创新项目“非遗数据库构建分类及信息资源元数据研究”；在核心期刊及国家行业报刊中发表非物
质文化遗产数字化保护、展示空间构建、数字传播等方面论文二十余篇。
","本课程从“家乡+非遗”、“非遗+我”、“我+非遗保护”三个维度入手，将知识传授、案例介绍与非遗传承人表演观摩或实地考察相结合，重点在于帮助学生建立起各类遗产尤其是非物质文化遗产的基本概念、保护理念与实践基础，期望
学生通过选修本课程实现知识储备和兴趣培养两方面的教学目的。
",
99H0157,丰盛人生的根基——来自欧洲的生活教育课程,1,100,32,2,高玮,文法学部,     各专业的本科生[尤其是新入学的学生]  ,"高玮是文法学部汉语国际教育学院教师，曾经讲授过的课程：西方经济学、国际贸易、二语习得理论、偏误分析等。
承担的科研任务有：主持并完成了国家社会科学基金青年项目“基于留学生语料库的语篇偏误分析”批准号为——07CYY012，并以“良好”的成绩顺利结项；2010年合作完成了由学院组织的国家汉办的课题，本人主要负责语料库方面内容；2014年获得校级教改项目《“生活教育”课程本土化实践研究》。
从2015年春季至今，已经讲授过两轮课程，本学期对课程名称进行修改，避免学生误解，使得课程名称与实际内容更加匹配。
","生活教育课程旨在为大学生提供基础而必要的生活知识及技能，帮助学生客观真实地认识自己，帮助他们在生活中学会制定计划，管理好时间、金钱及压力等, 学会设立界限，能够智慧地处理好人际关系中的冲突等。本课程的目标帮助学生有智慧地管理好自己的大学生活，在个人管理、自我意识、人际关系，爱情及情感处理等方面作出明智的选择，顺利地完成学业，能够健康积极且有责任地面对未来的人生。",
99H0158,SPSS数据分析技术,1,80,32,2,朱依娜,文法学部,所有专业的大一、大二和大三学生，大四除外,中国人民大学社会学博士。研究上，致力于社会学的定量分析；教学上，专注于统计软件应用课程，无论是数据处理还是软件教学都具有较丰富的实战经验。,这是一门实用性和应用性都非常强的统计软件应用课程，向大家讲授如何利用SPSS来完成各种各样的数据分析任务。整个教学过程将始终关注两个问题：一个是“我如何用SPSS做这一分析”，另一个是“这些统计结果能告诉我什么”。教学的具体内容包括：1、SPSS软件的特点和基本结构；2、数据的录入；3、数据的管理；4、单变量的统计描述；5、双变量的相关分析；6、多元线性回归模型；7、Logistic回归模型。,
99H0159,传媒伦理道德漫谈,1,60,16,1,张付,马克思主义学院," 
全校本科生  
","主编《传媒伦理学教程》，北京市伦理学会常务理事，长期从事思想政治理论课教学，喜好哲学、伦理学、企业文化研究。

",介绍伦理学及应用伦理学基本原理和发展趋势，结合网络时代传播活动的特点及中外业界相关案例，引导学生理性分析职业活动中的道德悖论，正确认识传播活动中的善恶是非原则和道德遵循的范畴，学会处理职业活动中的道德难题，为媒体从业人员搭建道德帐篷。,
99H0160,博物馆中的文明史观,1,50,32,2,杨倩,马克思主义学院,除戏剧影视学院美术专业学生之外任意本科生  ,马克思主义学院副教授，英国威斯敏斯特大学访学一年，中国人民大学哲学博士，博士论文主题为和谐文明发展观。,以世界各大博物馆和首都相关博物馆中的文物为载体，结合西方学术界具有代表性的文明理论著作，引导学生思考、探索、发掘隐藏在人类文明演进背后的密码和规律。重点解释有关文明的概念和几种不同的历史哲学观，同时梳理、分析研究文明史的理论大家及其著作，如斯宾格勒的《西方的没落》、汤因比的《历史研究》、杜兰的《世界文明史》，弗洛伊德的《文明及其缺憾》、雅斯贝尔斯的《历史的起源与目标》、巴格比的《文化：历史的投影》、亨廷顿的《文明的冲突与世界秩序的重建》。,
99H0161,视觉人类学理论与实践,1,100,32,2,王宁彤,传播研究院, 所有本科生    ,"英国布里斯托（Bristol）大学影视戏剧专业研究生，中国传媒大学大众传播与国际关系博士。研究方向：跨文化传播, 文化人类学，视觉人类学。央视电影频道（CCTV6）及海外媒体工作16余年，长期从事跨文化纪录片、专题片的制片、策划及创作，拍摄了四十余个国家，制作并在央视及其他媒体播出200余部（期）；撰写媒体专栏及文章300余篇。主要科研成果：拍摄了文化部民族志纪录片《魂归何处》，撰写了《走在田野上——人类学家田野轶事》（商务出版社即将出版），《空间的生产与想象的置换——旅游景观的文化再生产》等。","视觉技术怎样在改变着人类的传播和感知世界？如何通过影像来研究人类不同文化之间的跨文化传播？人类学是最具人本主义的基础社会学科，涉及对不同的社会及其文化的研究，作为其一大分支的影视人类学，如何通过影视手段记录、表达不同民族和人类文化的存在和观念？这是对文化多样性世界的理解、思考和实践，也是非常富有现实意义的视觉和思想的旅行。
课程会邀请业界知名实践者参与放片和讨论。
",
99H0162,大学生逻辑思维能力培养,1,50,32,2,薛宝琴,传播研究院," 
全校本科生  
","学科背景：   
    2004/09-2008/06，兰州大学，哲学与社会学院，学士
                     兰州大学，心理学学士
    2008/09-2010/06，中国传媒大学，电视与新闻学院，硕士
    2010/09-2013/06，中国传媒大学，电视与新闻学院，博士
    2013年7月至今 中国传媒大学，传播研究院讲师；中国传媒大学新闻理论优秀团队骨干

已承担课程：《新闻理论研究》、《新闻理论》、《媒介批评》。

","'f;?酏淁{/'f,??掐/f??酊@(,?礲刦 ??,?逍豧??酏?;侞?送;?魟?膵;????匂傰$??y?魟?拐I,?馿?懷f鍚?;??櫍*劰跮?4裇M'f劋?s凸蛆?;宖`v- 8羷^b,飫?胸f;?酏?
,?濨馿?慺'f?魕锅?\:'f,褎芛?w	蛠?I?.ゝ屷粞f別鑱?;?艄?赧?K趄?胸f`v?$糨瀷刟'胸;懆龥
  ?'?
    旰8羷;??1.{噦?2.S{?3.ZG熰4.渗噱5.渗S劸,?6.?7.壆M?8.B铐9.??10.?,?+薯 ,?11.補,?12.gI13.鴖14.髌瓪鴕,?15.渗?16.渗f?17.渗?18.韩;?19.粯20.;I?
    , ?傰専剋?    ,屶 $瓕$?蓪蠈`1
    ,	??n凣?^裺}pr0&  
    ,坂 ??Q?鞨??    ,斷 R?L
?E?}r?
    ,m??喧顦愵?    ,?魟?膵毫?岛
    ,k?'fY矂9,y$'?
",
99H0163,电影中的历史,1,100,32,2,马晓光,协同创新中心,   全体本科生,电影学博士，影视剧编剧，对影视剧与历史文化的学科交叉有多年的研究。,本课程从电影史上大量历史题材影片入手，令学生对世界历史和中国历史有一个较为全面而客观的初步认知。除了电影学本身的视角，本课程还涉及史学、文化学、民俗学、社会学等多重角度，可以使学生学会从多方面解读电影中的历史和文化，同时也能够丰富学生的历史修养，树立正确的历史观，并以此提升审美水平。,
99H0164,行为、心理与意识,1,120,16,1,白宇,协同创新中心, 不限   ,白宇，心理学博士，毕业于日本名古屋大学，主要研究领域为学习心理学、动物心理学、生理心理学。 ,“我们是否可以自由意志决定自己的行为？”，“他人的心灵能够理解吗？”，“动物也有心灵吗？”。从古至今人们都试着从不同的方面去揭开这些谜。随着近代科学的发展，对于意识与心灵的探讨也形成了一套趋于成熟方法论体系，现代心理学就是从这个体系里孕育出来的一个年轻的学科。本课程通过现代心理学理论对上述的这些未解之谜进行剖析，为这些古老的现象提供一个新的视角。,
99H0165,电影中的哲学思想,1,130,32,2,彭展,外国语学院,全校大一至大四本科生，无年级和专业限制,彭展，（1976－　），哲学博士，毕业于中国社会科学院研究生院，现任教于中国传媒大学外国语学院，译著有《入门》、《我在》、《真宽恕的奇迹》、《新零极限》等。,"本课程以大量的经典英文哲理性电影为素材库，精心烹调，带领学生进

入哲学殿堂，顺带学好英语。本课程将会极大的丰富同学们的英文单词

量，提升他们的听力和阅读水平，同时帮助他们了解哲学的核心问题，了解

所谓的终极关怀问题，为何历代哲人会在此问题上苦苦思索以求解答，

并向同学们介绍大量的东西方哲学思潮、哲人及作品，拓展其哲学视野，

提升其哲学思辨能力。
",
99J0029,媒介与社会,1,60,32,2,刘东建,马克思主义学院,全校本科生,毕业于中国人民大学，获法学博士学位；2005年7至今任教于中国传媒大学；先后赴韩国首尔国立大学、加州大学洛杉矶分校、京都大学等地进行访学，并曾在韩国首尔国立大学从事媒介与政治方向的博士后研究。主要从事当代社会发展问题研究、媒介与社会研究、政治传播与政治社会化研究。开设有当代中国社会发展问题研究、硕士研究生中国特色社会主义理论与实践研究等课程。,"该课程于2014年被评为“全国大学人文素质精品通选课”，属于人文素质教育通识课程，也可以作为新闻传播学相关专业的基础课程，对于提高学生媒介素养，拓宽学生视野，探寻解决社会问题的媒介路径有较为重要的作用。
该课程拟从媒介视角探讨当代中国社会发展的系列问题。当然，课程所指涉的媒介不仅仅包括狭义上的新闻媒介，更包括无时不有，无处不在，能使人与人、人与事物或事物与事物之间产生联系的中间介质。本课程拟以专题的形式，对诸如“大众传播媒介与社会”、“媒介视角的当代中国社会发展问题”、“媒介视角的当代中国社会变迁”、“媒介视角的社会分层”、“当代中国社会发展中的失调问题研究”、“社会发展问题的国际经验探讨”等展开深入探讨。同时，在授课的过程中，我们拟选取一些社会变迁相关视听作品，分析当代中国社会从哪里来，到哪里去，进而培养学生关心社会问题的兴趣，提高其分析、解决社会问题的能力。
",
99J0041,欧美新闻理论前沿,1,50,32,2,甘露,传播研究院,全体本科生,甘露，新闻学博士，毕业于中国人民大学，德国柏林自由大学访问研究员，美国爱荷华大学访问学者。主要研究领域为大众传播与国际关系、欧美传媒与新闻发展；讲授过的课程包括《新闻理论》、《传媒效果研究》、《新闻编辑》、《新闻采访与写作》等；主持国家社科基金项目和校级科研项目各1项，除此之外，作为主要成员，参与国际合作项目1项，国家级项目2项，省部级项目6项；出版著述4部，在学术期刊上发表论文30余篇。,"《欧美新闻理论前沿》以欧美传媒发达国家最新的业界经验和研究成果为依托，以我国的相关实践及理论研究为参照，探讨新闻学领域最新的热门问题，是一门面向本科生的通识性课程，旨在帮助学生站在“前沿”，了解当下，“前瞻”未来。
课程内容包括但不局限于人工智能与新闻、AR与VR、媒介融合、社交媒体、数据新闻、高级新闻与慢新闻、公营广播电视体制变革等专题，抽象但绝不枯燥，本课程将以问题带动内容，以案例支撑理论，讲授为主，穿插适量的课堂讨论，根据当时新闻发展最新态势随时调整内容和更新案例，使之始终与“前沿”相关联。
",
99J0043,流言传播：社会、公众与传媒,1,50,32,2,蔡静,国际传媒教育学院,              全校本科生 ,"1、2008，9——至今       中国传媒大学
2、2006，9—— 2008，6   中国人民大学新闻学院博士后；
3、2003，9——2006，7    复旦大学新闻学院   新闻传播学 ，博士；
4、1996，9——2003，7    武汉大学新闻学院   新闻传播学，本科、硕士；
主持并完成2007年9月，国家第41批博士后资助基金一等奖项目《流言传播与危机控制——对中国社会转型时期的考察》；出版《流言：阴影中的社会传播》
",本课程为概论性质课程，将主要介绍流言产生、传布和消失的基本规律，流言传播的控制因素，流言传播中与社会心理、传媒生态之间的相互关系。课程的重点在于通过介绍流言传播的基本规律，探讨在社会信息系统中媒体的地位和作用。将邀请媒介资深记者和编辑进行案例研讨，并结合网络论坛进行小型调研进而思考在中国社会大背景下流言传播的相关因素。,
99J0068,大学生信息素养——数字资源的检索与利用,1,60,16,1,张秀坤,图书馆," 
  大一到大三本科生
","张秀坤，毕业于北京大学信息管理系，情报学硕士。
南玉霞，计算机技术与应用专业，咨询部主任，副高职称。
","本课程为培训大学生信息素养的方法课，为各高校历年来开设的文检课的升级版。主要教学任务包括培训学生的文献资源选择、信息查询、信息评价与筛选、信息综合利用的能力。
主要教学内容有：检索语言与信息检索技术；电子信息资源的特点与利用，包括CNKI、万方数据、超星读秀、新东方网络课程、WOS、EBSCO、Emerald、MUSE、IIPA、IEEE等数据库；利用现代信息技术和设备进行信息资源检索、聚合的方法；文献资源的综合利用。
",
99J0069,名记者的新闻实践与理论,1,80,32,2,龙小农,传播研究院,"全校新闻传播类、播音主持类及其他专业感兴趣的学生  
  
",传播学博士，主要研究领域为全球传播与国际关系、知识分子与现代传媒、新闻传播业务、传播与社会治理；出版著作6部，现主持国家社科基金项目1项、国家广电总局部级项目1项。,以名记者为经、以名记者的新闻实践和新闻理论为纬，通过具体的个案分析比较，探寻成为名记者的规律，并以此激励学生。具体评析中外18位名记者（中国名记者10位、国外名记者8位）的从业经历、主要成就、经典作品及其新闻思想理论；与学生探讨成为名记者应具备的条件与素质；同时邀请名记者进课堂与学生交流讨论。,
99J0070,互联网前沿产品概论,1,100,32,2,黄建,传播研究院,"大一、大二、大三、大四
  
",黄建，博士，2012年7月毕业于中国传媒大学传播研究院，获传播学博士学位。在电子科技大学获得电子商务管理学学士学位和通信工程工学学位。09年开始先后在腾讯网、掌中无限、七七美家和安徽出版集团担任互联网以及APP产品经理，有丰富的产品策划及项目管理经验。,本部分课通过给学生介绍互联网产品策划人员的相关基础知识，让学生对当今互联网产品有较为深入的了解。主要内容包括互联网以及移动互联网的发展历史，当今互联网主要的产品形态和互联网整个产品生态，互联网以及移动互联网所涉及的计算机网络、宽带移动网络和网站开发所涉及的技术和知识，我国互联网企业的基本组织架构，以及我国各类互联网产品的运营模式，以及产品经理的一些基本技能和素养。,
99J0082,组织传播：同化、公关与危机应对,1,50,32,2,罗雪,传播研究院,"全校本科生
  
",主讲人罗雪，2005年毕业于北京交通大学经济管理学院，2011年获中国传媒大学传媒经济学博士学位。期间曾任美国费城天普大学组织传播系、加拿大西蒙菲沙大学传播学院访问学者，主要研究方向为组织传播、危机管理。,《组织传播：同化、公关与危机应对》将围绕企业、政府等组织的内部同化、外部公关以及危机应对的三大传播议题展开：第一个是组织在结构变革、塑造组织文化、解决内部冲突、进行群体决策等内部传播场景中的传播策略和案例分析（包括通用百年组织变革与动态传播能力建构，壳牌本土化过程与传播效率提升，海尔海外扩张与传播流程再造）；第二聚焦企业、城市、国家三个层面组织的公关传播策略，通过联想品牌国际化、宜家品牌本土化、伦敦城市形象宣传、英国公共文化外交等案例研究，总结提升组织形象的路径与逻辑；第三着重分析个人、企业、公共和网络危机发生、潜伏、爆发与消弭的过程，以国内外著名的危机案例展示最佳应对策略。,
99J0083,传播与政治：案例分析,1,50,32,2,涂凌波,电视学院,全校本科一、二、三、四年级同学,涂凌波，博士，讲师。毕业于中国人民大学新闻学院，拥有社会学和新闻学教育背景。香港城市大学“多闻雅集”访问学者，《国际新闻界》责任编辑，中宣部新闻阅评组成员，电视学院“当代传媒前沿系列讲座”项目负责人。研究领域为新闻传播基础理论、传播与社会、政治传播。出版专著《现代中国新闻观念的兴起》、教材《中外优秀电视节目案例解析》，发表论文20余篇，多篇为CSSCI论文，多篇论文被《新华文摘》《中国社会科学文摘》《新闻与传播》转载。,"特朗普为何会成功当选新一届美国总统？1768年清朝为何会爆发一场名为“叫魂”的妖术大恐慌？被称作“太阳王”的法国国王路易十四的真实形象究竟是什么？基地组织、ISIS组织等恐怖组织如何利用媒体进行政治宣传？克林顿为何没有因为其与莱温斯基的丑闻而“下课”？中国互联网上的社会动员是如何开展的？红卫兵一代的成长与经历如何影响了他们参与政治的状况？这些严肃而有趣的问题正是本课程所讨论的对象。
传播与政治问题是现代社会的重要主题，它既关系着我们如何认识、理解传媒在政治进程中的功能和角色，以便我们变得更加审慎和理性，也关系着我们每一个人如何更好地生活在这样一个媒体社会当中。
本课程立足于中国政治传播活动与现象，引导学生运用跨学科的视角，从政治来审视传播，从传播来重新审视政治，学会运用相关理论研究当前中国和世界政治传播中的现实问题。课程主要内容包括政治传播与政治体制、政治过程与民意、政治信息与宣传、媒体与政治报道、政治传播的受众与效果、国际视野中的政治传播、政治传播与公共外交实践、传播与政治文化等。
",
99J0086,视听艺术传播,1,60,32,2,李飞雪,新闻学院,一年级到三年级全校本科生,"李飞雪，副教授，广播电视艺术学博士，硕士研究生导师。校优质示范课程《影视声音艺术》负责人。具有十多年讲课经验以及十多年媒体实践经验，已经给本科生讲授十多年《视听语言》《影视声音艺术》《听觉传播》《影视声音艺术》《音乐基础与作品赏析》等课程，积累了丰富的理论和实践经验。
讲授的全校公选课《视听艺术传播》，学生评教连续评为优秀。
所讲授课程《影视声音艺术》被评为中国传媒大学优质示范课程（项目编号：YZKCX1009）。李飞雪老师已经编著教材并在中国广播电视出版社出版了《影视声音艺术概论》及《影视声音艺术概论（第二版）》，曾在《现代传播》《中国广播电视学刊》等核心期刊发表学术论文多篇。
主持了中国传媒大学科研培育项目《视听艺术传播》（项目编号CUC14D04）等科研项目，有十多年业界经验。所编辑、主持节目多次获得国家级以及省部级以上奖励。
","视听艺术传播主要是阐释视听艺术理论及其规律、表现，以经典电影、电视等视听艺术作品为研究对象，结合丰富的案例分析，讲授如何理解视听艺术传播的规律及其特性，分析视觉与听觉系统理论构成的各主要元素，阐释其具体作用及意义，比如具体阐释蒙太奇与长镜头，光线与角度，运动与景别，剪辑与节奏，色彩与情绪，音乐、音响与人声，声音与画面的关系等，以及这些元素在表达主题、推动情节与塑造人物中所发挥的重要作用及其传播规律、传播意义等。并通过课堂互动讨论与课下作业、练习相结合，让学生掌握视听艺术传播的基本理论知识、规律及实践应用。
课程内容设置丰富，难度适中，适合本科生作为选修课掌握视听艺术传播相关理论知识，并对实践视听创作有指导意义。
视听艺术传播是一门理论与实践并重的专业课，本课程的任务是通过学习，使学生们认识到视听作品中视听艺术传播的魅力与重要作用，建立起正确的视听思维方式，并有利于在理论指导下进行视听创作。
",
99J0090,主持人批评,1,130,16,1,龚伟亮,传播研究院,各年级本科生  ,博士，传播政治经济学研究所助理研究员，有法学、戏剧、传播学多维学科背景，承担批判传播研究、乡村·文化与传播等教学科研任务。,借助新闻传播的、历史人文的、社会科学的思想方法和学术资源，超越主持人训练中的形式思维和工具理性，在对社会时政节目主持人的批评中实现由“主持人的表达技巧”到“主持人的思维方法”的提升和转变。改变某些教条化的政治素养的说教，而代之以一种有思维方法和逻辑力量支撑、有历史视野和全球眼光涵养的价值宣显和道义张扬。,
99J0095,全球模式类节目创作与赏析,1,50,32,2,邹欣,新闻学院," 本科
  
","    本人本科就读于北京航空航天大学英语专业，硕士、博士就读于中国传媒大学电视新闻专业。曾在中央电视台、阳光卫视、荷兰电视台驻京记者站等媒体机构兼职。研究方向主要为：电视节目形态、意见极化。

","课程的主要内容包括：
1.基础知识。创意与策划，模式类节目发展样态，基本思路与基本方法，相关理论。
2.全球模式类节目鉴赏与分析。旅游类，装饰类，综艺类，社会实验类，生活服务类，少儿类，剧情类等等。
3.模式类节目操作实物。“头脑风暴”，策划文案撰写，Demo制作。
",
99J0097,媒介素养专题研究,1,100,32,2,夏丽丽,电视学院,一、二年级本科生,夏丽丽，传播学博士，新闻传播学部副研究员，研究领域主要为媒介素养、社会性别、纪录片等。曾承担教育部立项“健康传播方式与效果研究”，等多个科研项目。,课程主要内容包括：媒体素养的概念梳理和基本情况介绍；媒介真实是被建构的真实；结合社会性别呈现，分析媒介内容中的刻板印象；通过媒介广告，分析媒介传播中的消费主义盛行现象；透过电视暴力和新媒体不良内容，思考媒介对儿童的影响；辨识媒介中传播的健康信息，提升健康素养；提升网络时代自我数字素养，提升信息的搜索与利用技巧，区分网络信息与谣言；学会利用新媒体技术进行有效的传播。,
99J0098,媒介化生存与主持传播,1,60,16,1,贺敬杰,播音主持艺术学院," 本科二年级及以上
  
",2009年本科毕业于中国传媒大学电视与新闻学院（今新闻传播学部），2011年硕士毕业于英国莱斯特大学全球化与传播专业，2015年获中国人民大学新闻学院传播学专业博士学位。主要研究方向为传播学理论、视觉传播、政治传播、新媒体与舆情研究。,本课程立足媒介化生存的时代背景，意在揭示新型媒介环境下主持传播面临的新挑战、存在的新问题及作为一种重要话语实践形式所表现出的新的特性，这对更全面深刻地了解主持传播规律、认识主持专业或职业所需的素养及所承担的社会角色，具有促进意义。,
99J0099,广告学概论,1,100,16,1,初广志,广告学院,                       全校本科生,初广志，中国传媒大学广告学院教授、博士生导师，国家广告研究院研究员、全国公益广告奖评委、全国大学生广告艺术大赛评委。曾主持多项国家和省部级项目，出版专著和教材7部，在国内外学术核心期刊发表论文多篇，策划和制作的电视新闻、专题和广告曾获国家级奖项。主要研究领域为广告传播、整合营销传播、品牌传播、媒体营销。,结合经典的广告案例，讲述广告学的基本原理和广告运作流程。具体包括广告的定义及内涵、广告的地位和功能、广告活动的参与方（广告主、广告代理公司、广告媒体）、广告活动的流程（战略、创意、文案写作、媒体策划与投放、效果评估等）、整合营销传播等。该课程不仅有助于学生毕业后进入广告行业，对于未来从事媒体策划、品牌传播、内容营销等方面的工作也具有一定的益处。,
99J0100,大众传播伦理,1,70,32,2,郭晓歌,新闻传播学部," 
面向全校本科生开放  
","郭晓歌，讲师，中国传媒大学传播学博士

1. 郭晓歌.试论公共媒体对公民社会的培育作用——以台湾公广集团为例[J].现代传播，2014（5）：151-152.
2. 刘昶, 郭晓歌, 孙倩.抗战时期我国儿童报业刍议——以《中国儿童时报》为例[J].新闻春秋,2016(03): 79-85.

","本课程是面向全校本科生开放的公共选修课程，课程的主要任务是填补职业伦理教育方面的真空地带，旨在发展学生的思辨能力，培养学生在认识、理解、分析大众传播活动中的道德困境的能力，以及发展学生根据伦理规范制定大众传播活动决策的能力。
课程的主要内容是为学生从以下三个方面了解负责任的大众传播活动提供帮助：
1. 认识论基础：不同价值观的出发点和哲学基础，帮助学生了解我们为什么这样判断善恶是非
2. 传播伦理实践:通过分析传播活动中的道德困境，发展学生的思辨能力
3. 开放性前景：认识伦理实践是具有挑战性和创新性的实践活动，新的传播形式和传播环境下，伦理的始终处于不断更新和调试的状态
课程难点在于伦理问题的开放性和大众传播活动的多样性，因此本课程不是建立在对“对”或“错”的绝对判断上的，而是通过对理论的讲授和案例教学，尝试培养学生的批判性思维，审视不同价值背景下的传播实践。

",
99L0004,日语,1,50,32,2,王玉霞,外国语学院, 2016级非日语专业本科生,本人1988年毕业于山东大学外文系日语在语言文学专业，现任职于中国传媒大学外国语学院亚非语系日语教研室。现在担任2016级日语专业精读课。,"本课程是为2016级非日语专业学生开设的基础日语课。从日语假名学起，在学习日语基础知识的同时，适当地介绍一些本文化等内容。目的在于帮助学生了解日语语言及文化，为进一步学习日语打好基础。
通过学习本课程，要求学生达到发音清晰、准确，并初步掌握日语的语法、句法，培养学生具有初步的读写能力，使学生在准确发音的基础上，掌握初级的日语单词，掌握初级的语法及会话。根据学生的学习情况，灵活调整与补充一些日本文化方面的内容，让学生学习基本语言的同时也了解一些文化方面的知识。
",
99L0004,日语,2,50,32,2,王文勋,文化发展研究院," 
全校非日语专业零起点本科生  
","王文勋：博士，副教授，硕士生导师。 2004年毕业于北京广播学院国际传播学院，获文学硕士学位，2011年毕业于中国传媒大学电视与新闻学院，获博士学位，现为文化发展研究院副教授，研究领域为日本文化产业、日本公共文化管理、日本舆论、中日关系等方面，有专著《日本明治维新时期舆论研究》、合著《冷战后中国对外关系》、合译《明清的戏曲》等出版，并发表《日本明治维新时期舆论形成的文化因素探析》、《日本明治维新时期报纸舆论研究》、《日本近现代舆论思想初探》、《多媒体课件在高校日本文学教学中的应用》等论文多篇。讲授过日语、日本文化产业研究等多门课程。

","          本课程从零起点五十音图学起，以标准日本语上册为依托教材，但不局限于教材，听说读写训练同步进行，从语音、语法、听说、阅读、写作等方面来讲授日语课程知识，全面提高学生的日语水平，在学习日语的同时可以了解到日本的社会、文化、风土人情，在练好语言基本功的基础上教给学生真正生活中的语言，适合对日语有兴趣，或有留对日本文化有兴趣的日语零起点的学生。  

",
99L0032,影视英语,1,55,32,2,蒋佳惠,外国语学院, 英语听力理解较好、喜爱西方影视作品的同学,"蒋佳惠，女，曾多次为非通用语专业教授英语精读、英语视听说等课程；
陈煜，女，曾多次为非通用语专业教授英语精读、英语视听说等课程。
",本课程精心挑选了在世界上具有广泛影响力的热门英文电影和电视剧，旨在通过指导学生欣赏这些英文影视作品中的经典片段，使学生不仅可以学习“原汁原味”地道的英语词汇、句法和表达，也可对不同主题的西方电影中的经典作品和语言特色有一个初步的了解，同时也可从跨文化交际角度对西方社会风俗、价值观念、传统文化等方面进行多维度的理解和探究。课程涵盖爱情、喜剧、传记、动画、犯罪、悬疑、剧情、奇幻、战争等多种类型和主题的影视作品，以语言学习为主，兼顾社会、人文。,
99L0037,影视意大利语,1,50,32,2,付卓,外国语学院," 
  在校各年级本科生
",付卓，意大利语讲师，意大利摩德纳·雷焦大学应用语言学在读博士。自2005年在外国语学院任教。自2008年至今多次开设意大利语公选课，深受全校本科生的喜爱，其开设的《公共意大利语》已被学校认定为校级教改项目。于2015年秋新开设《影视意大利语》公选课，取得了良好的教学效果。,作为一门面向全校本科生开设的校级公选课，教学内容由两部分组成：初级意大利语对话和意大利经典影视赏析与评论。本课程从语言着手，强调听说能力，旨在培养学生了解入门意大利语语言特点、掌握日常基础对话的典型句式。在影视赏析内容上，通过展现不同历史时期意大利经典影视作品，呈现出不同语境下典型的意大利语和意大利文化。影视体裁丰富，涵盖文学、传记、动画、爱情、战争、历史等不同题材，通过对经典影视片段的讲授和评析旨在让学生感受到意大利原汁原味的风土人情、文化习俗和意大利人的价值观等文化。,
99L0038,英语节目主持,1,42,32,2,林海春,外国语学院," 全校本科生二、三年级
  
","   传播学（跨文化国际新闻传播学）博士，瑞典马尔默大学研究员
    开课背景如下：
   1）为播音与主持艺术（英语节目主持方向）及英语（国际新闻方向）讲授课程：《英语播音理论与实践》（1、2）、《英语演讲B》、《英语辩论》、《英语采访艺术》、《英语节目主持艺术》、《外国新闻节目研究（英语）》、《英语节目采编播实务》。
  2）为英语（节目主持方向）、英语（国际新闻方向）及英语语言文学专业讲授课程：《英语播音》、《英语辩论》、《英语节目主持》、《英语采访与报道》、《英语新闻节目评析》、《英语新闻节目制作》、《英语学术写作》。
　　从2005年至2011年利用业余时间为中国传媒大学南广学院“英播”及“英语新闻”讲授所有专业核心课程。
","   本课程是对有志或有兴趣了解运用非母语英语，驾驭集采编播一体的、记者型广播电视节目主持人的学生们，专门设计的校级公选课。本课程以理论结合实践为中心，对学生进行各类英语广播电视节目主持风格分类化的训练。
   该课程为学生灵活运用及提高在《英语听力》、《英语语音》及《英语口语》课上掌握的知识，提供了严谨与系统的职业化训练流程。
   从而，使得学生能够在学习理解相关理论的基础上，通过在话筒镜头前多各类英语广播电视节目的主持理念与技能的理解与实训，形成对实际工作要求的全方位认识，并达到能够和完成一件“英语节目主持作品”的职业要求水准。
",
99NA0001,文艺美学,1,90,17,1,杜莹杰,文法学部,全校本科生,北京大学中文系教授、博士生导师，兼日本金泽大学客座教授，中国中外文艺理论学会副会长，中华全国美学会高校委员会秘书长，中国作家协会会员，中国书法家协会会员，中国文化书院研究员，复旦大学等六所大学的兼职教授。,文艺美学是20世纪七八十年代中国学者提出的一个具有原创性的新学科。该课程吸收当今世界美学研究和文艺理论研究的前沿思想，从审美活动论、艺术价值论、审美体验论、艺术本体论、艺术审美论、艺术意境论、艺术形态论、艺术意义论、艺术美育论等多重维度入手展开全面讨论，分析并厘清文艺美学学科提粗的基本任务。旨在使学生把握文艺美学这一新兴学科的内在逻辑，将文艺美学与自身的审美体验联系在一起。, 本课程是视频课程，按照课堂教学的方式方法组织学生听课。学校有专门教师负责教学的组织。该课程是为了丰富我校公共选修课课程从校外引入的优质课程资源。    
99NA0005,人像摄影,1,100,32,2,王真,戏剧影视学院,13级，14级，15级，16级本科生,王真，女，毕业于北京电影学院，图片摄影专业硕士。现为中国传媒大学副教授，国家职业技能鉴定考评员（摄影师），国家高级摄影师，中国摄影家协会会员，北京电影家协会会员。已出版的著作有：《光影解密——提高摄影构图水平的80个关键点》、《光影解密——提高人像摄影水平的80个关键点》、《拍摄神奇小世界——微距摄影入门手册》、《数码单反摄影新手全解》、《光的语言：摄影师、画家和设计师都必须了解的摄影用光》、《图片摄影技艺教程》、《光影中的灵魂——图片摄影作品赏析》、《捕捉神奇》、《创意时装画》等。,"?合Dq?:藻€鸘??:*簩董I氦蚲蛳b? *?剤9 B	f?g董釾gZ唃?妃gII虳勌o_吻? 閯鋢翂舙i'0jNN=f禝(L0`?梁?勮?wE ><??0凸N5動Zg董Xg(F筨_/ 7?蟿?弘?q镥胸 *l鴦c!.﹥薿}刲baS6剀?b贈般合Dq貕属蹌嗊媯!y?z篨?4?(?蛼S刲s?gf
B?bg??誕gwI皌:(璱'P靇?J孌q6瞎b巹合Dq\羅	@8硠 B?朱剷e;/椾横勣?
,?f袥?醥合DqhP(合Dq?I ?合Dq剟?合Dq凢€?合Dq剅i宷剶(合Dq剓?€?鵩\合Dq\?^8}?t\(,??'舷x礼\:H?搴螪q:;??88v?庎(剣W抢焙脛送尓獎駝?Y圖q俇??,??0*s.箚謫合Dq- 鶣 蛠凜 屍?
","该门课程是学校的试点网络课程之一。此类课程的开设为同学们提供了更加丰富的课程资源和多元化的学习方式。授课教师将通过网络组织课程的讲授及学习，选择该课程学习的同学需要在远程学习平台或智慧树学习平台上进行课程视频的观看、讨论以及作业提交等学习活动。选择网络课程学习的同学只能限选一门。
  该门课程在教务系统内的时间安排均为周日晚9-11节，此时间安排仅为限制选课所用，实际上课时间并非限制于周日晚，同学们可自行安排学习时间。"
99NS0001,从爱因斯坦到霍金的宇宙,1,90,31,2,杨丁,理学院,全校本科生,现为北京师范大学物理系教授，博士生导师。长期从事广义相对论、量子力学和统计物理的教学，活跃于黑洞物理、弯曲时空量子场论和时空理论等研究领域。,该课程结合历史时间顺序以及现实理论基础展开叙述，主要包括爱因斯坦的生平、量子论以及相对论的诞生、宇宙的发展历程探索，放射性与原子弹研究，广义相对论的研究，关于白矮星、中子星与黑洞的介绍，霍金生平及其黑洞研究，膨胀的宇宙、虫洞与时间机器，时间的性质文明的诞生、文明的演进等。赵峥老师运用通俗易懂的语言讲解出宇宙的奥妙以及天文物理研究的现状和渊源，为学子们普及物理知识、增加学术修养打下良好的基础。, 本课程是视频课程，按照课堂教学的方式方法组织学生听课。学校有专门教师负责教学的组织。该课程是为了丰富我校公共选修课课程从校外引入的优质课程资源。    
99P0001,生态学基础,1,90,32,2,董跃,信息工程学院,  全校所有专业学生,"理工学部教师，副高级职称，理学硕士。

","当前环境保护、生态保护已经越来越引起人们的重视，根本哈根国际大会后低碳生活的概念已经被越来越多的人所接，在这种大趋势下，开设本课程有利于学生增强生态意识和环境意识，符合科学发展观的要求。掌当握理解生态学的含义和研究对象与内容、了解生态学的研究简史及其发展趋势、了解生态学的分支学科及与其它学科的关系。通过课程学习使学生能够掌握生态学的基本概念基本原理和适应规律。理解和掌握生态学的特征、意义和数量动态变化规律；掌握生态学方面的的进化对策。
本课程主要有概述、个体、种群、群落、生态系统、景观生态系统等部分组成，学生学习后可初步了解生态环境方面的知识，对生态学有一定的认识，可增强学生的生态保护和环境保护意识。
",
99P0003,武术散打,1,50,32,1,陈竺,体育部,"我校正式注册的1-4年级本科男女学生 每班50人 不分班
  
","陈竺 男 体育部教师 2003年毕业于北京体育大学体育教育专业 散打国家一级运动员 国家级裁判员曾多次受体育总局委派担任国内外重大武术散打比赛裁判工作 擅长高校散打教学 技术优良 组织经验丰富

","中华武术源远流长，散打是其武术当中的对抗性项目，包括的内容为远距离的脚踢，近距离的拳打与贴身的摔法。通过训练可以提高人的心智，使人的身心得到全面的锻炼，可强筋骨，壮体魄。在精神方面可以培养练习者勇敢、顽强坚毅，不怕苦不怕累，勇于拼搏的精神，进而形成成熟稳健积极向上的优秀品质。该项目简单易学，且能达到防身自卫强身健体的作用。
课程内容为三种拳法，两种腿法，一种摔法和两种拳腿组合的练习
",
99P0009,定向越野,1,50,32,1,王志刚,体育部,1-4年级 本科男、女学生  ,"王志刚教授体育部副主任
王胜超教授体育部副主任
",《定向越野》课程是我校为本科一至四年级开设的公共选修课程，本课程是一项智慧型、智力与体力相结合的运动项目，是一项依靠地图和指北针按顺序到达地图上所标示的各个点标，以最短的时间完成规定赛事的体育项目，是一项融入自然、追求挑战的运动。在发展学生耐力，提高学生兴趣，培养学生独立分析问题、解决问题的能方面有独特的作用。定向运动能够提高学生适应自然和野外生存能力，培养一定的军事素质，并能准确无误地参与比赛全过程，养成爱护自然、保护环境的习惯。形成独立，勇敢，顽强，积极向上的精神面貌，以定向越野为手段，全面提高身心健康水平。,
99P0019,足球竞赛规则解析,1,50,32,1,王鸣捷,体育部," 全校各级本科生
  
",本人2001年毕业于北京体育大学，体育教育系，足球专项。现任国家级足球裁判员，执法全国比赛超过200多场，曾参加“中国足协精英裁判学习班”以及“亚足联精英裁判学习班”等相关培训。,本课程以足球竞赛规则为主，与裁判方法、足球技战术发展相结合，使学生了解中国乃至世界足球历史现状和发展趋势，以及中国与世界足球先进国家的差距。讲解在国内外正规大型足球比赛的工作程序，通过经典比赛视频找出裁判团队在执法过程中成功与失败判罚的原因。最后结合我校足球比赛的特点，培养足球裁判后备力量，为我校足球开展打下良好的基础。,
99P0023,乒乓球教学与竞赛,1,50,32,1,白敬锋,体育部,一至四年级本科生,2015年毕业于北京体育大学研究生院，博士学位。工作以来从事乒乓球、网球课的教学，担任校乒乓球队教练。参加04年、08年国家乒乓球女队备战奥运会的科研工作，国家一级乒乓球裁判员。独创的“核心技术”教学环节是针对大学生的身心特点的教学方法手段，在教学中更具主动性，使每一堂课生动有趣，有实效，注重能力培养，为学生以后的全面发展提供支持。,乒乓球教学与竞赛是我校开设的体育公选课之一，教学周期为一学期，分11次课讲授。乒乓球是我国的国球，乒乓球运动具有广泛的适应性和较高的锻炼价值，尤其受到大学生的喜爱。本专项课向学生传授乒乓球技战术、比赛、竞赛编排、裁判法以及乒乓球理论与实践方面的知识。本学期在提出了“核心技术”理论的基础上又提出了“乒乓球+”的理念，就是把“核心技术”理论运用于羽毛球的教学过程中。欢迎羽毛球爱好者学习“核心技术”理论，形成通过乒乓球练习技术，通过羽毛球练习体能，全面提高同学们的身体素质和同项群之间的技术迁移，通过本门公选课达到同时学习两个项目的目标。坚持以竞赛带动教学，以竞赛提高学生的裁判能力，全面提高学生的乒乓球等项目的技能和裁判水平。,
99P0025,中国民族民间舞蹈,1,50,32,1,王娟,体育部,本科女生,王娟，副教授，长期从事形体、民族民间舞的教学和训练工作，兼任中央电视台银河艺术团舞蹈队艺术指导。,"本课程的开设旨在帮助学生学习风情醇厚、多姿多彩的中国民族民间舞蹈，了解我国各族、各地区人民的审美心理和情趣。使学生能够掌握中国各民族舞蹈的风格和各民族舞蹈风格行成的原因。
通过中国民族民间舞蹈的舞姿、动律、风格特点的训练，使学生初步了解我国主要民族民间舞蹈的基本舞姿和动律特点。提高学生的艺术鉴赏力。
",
99P0030,篮球规则与裁判法,1,50,32,1,潘石磊,体育部,一至四年级本科生,"潘石磊，男，讲师，硕士研究生，毕业于首都体育学院篮球专业。2003年始担任中国传媒大学体育部教师，兼任中国传媒大学体育部群体竞赛中心主任。
历年来，主讲篮球必修课程，定向越野公选课程，每年参与组织校级“广院杯篮球赛”。
","本课程以“培养学生篮球裁判员”为主要教学任务，为更好的开展中国传媒大学各级篮球赛事培养后备力量，以缓解体育部师资力量不足的压力；并提升我校学生的篮球技术、战术、赛事组织与管理能力。
主要教学内容：
1、比赛前的准备；2、比赛的开始与结束；3、裁判员的站位和责任
4、出界和掷球入界；5、投篮情况；6、手势和程序
7、罚球；8、暂停和替换；9、实战演练
",
99P0031,篮球教学与竞赛,1,50,32,1,张云,体育部,一至四年级本科生,张云，女，讲师，博士，毕业于北京体育大学，学校体育学专业。2005年始担任中国传媒大学体育部教师，兼任体育部教学秘书。历年来，主讲篮球必修课程，太极拳必修课程，运动、营养与健康公共选修课程。,"本课程以篮球技战术、篮球规则与裁判法为主要教学任务。
主要教学内容：
1、技术部分内容
  （1）运球  （2）传球  （3）突破  （4）投篮  （5）防守
2、战术部分内容
  （1）传切  （2）掩护  （3）策应  （4）突分  （5）联防  （6）盯人
3、篮球运动规则与裁判法
（1）比赛通则（2）违例（3）犯规（4）裁判员、记录台人员和技术代表
 （5）三对三篮球规则和比赛方法
",
99S0018,三维实体造型,1,60,32,2,陈彦杰,理学院," 全校本科生。
  
",    理学院教师，从事图学教育多年，一直教授计算机工程制图课程。,"人们生活在三维的世界，我们的眼睛和身体感知到的这个世界都是三维立体的，三维造型带给人的是生动、真实、直观、形象。随着计算机网络信息技术的迅猛发展，无论在虚拟的网络上还是在现实的生活中，到处都能见到电脑制作的三维模型，通过计算机3D技术实现了对现实世界的模拟和仿真。目前三维CAD软件很多，各有特色。AutoCAD算不上是最好的三维设计软件，但却是世界上最流行的，全世界用户多达200万，在我国市场占有率超过60%。本课程介绍三维模型的构建，熟练使用AutoCAD绘图软件绘制并生成三维造型同时实现与3D MAX的衔接。为学生的创意和想象力提供了最为广阔的空间，并从设计中得到无穷的乐趣。主要包括：
三维造型的投影理论（轴测图理论、三维造型建模方法）
AutoCAD软件的使用（三维绘图、三维编辑、三维模型的着色和渲染）
Auto CAD与3D MAX的配合使用。
备注：本课程在机房上课。
",
99S0038,信息安全与信息对抗概论,1,60,32,2,姜正涛,计算机学院,"二、三、四年级本科生
  
","多年从事密码学与信息安全研究和教学工作，发表信息安全学术论文100余篇，授权国家发明专利5项，软件著作权11项，合作出版专著3部，其中信息安全教材《现代密码学——理论与实践》由西安电子科技大学、中山大学、上海交通大学等多所高校选为本科或研究生教材。主持了国家自然科学基金、北京市自然科学基金、中国博士后基金（一等）、发改委专项、211三期重点项目等多项研究项目，参与完成国家自然科学基金、863、973、国防预研基金、保密通信基金、北京文化创意等项目的研究；作为技术骨干参与设计数字电视统一内容保护体系(UCPS)等大型工程项目，负责其中“流密码生成器、随机数生成方法、加密系统及加密方法”的设计与分析，2010年3 月1 日，工业和信息化部颁布为行业标准，并商业推广。
中国电子学会-信息安全专家委员会等多个专家和专业委员会委员，多个国际会议的程序委员会委员，为多个国内外SCI/EI检索的学术期刊/会议审稿。
承担过《信息安全与信息对抗概论》、《现代密码学》《信息论与编码原理》、《数据结构》、《网络多媒体技术》、《信息安全与密码学》等本科、硕士、博士研究生的课程。
","(1) 介绍信息安全与信息对抗的现状、策略与技术。
(2) 信息安全技术与应用，伴随密码技术发展的密码应用及其历史演化、战争中的数理化、战争中密码对抗实例。
(3) 我们身边的密码学，现代密码技术及其商业应用，包括电子政务与安全，电子政务实例系统与发展瓶颈分析，电子商务安全技术、银行与互联网电子商务安全应用实例，密码技术标准化工作，网络安全与数字版权保护技术与案例分析。
(4) 古今传统安全及启示、信息安全与行为心理、个人信息安全风险管控，电信诈骗案例与电信（银行）业务潜在风险分析，信息不对称与合同陷阱（以一房地产经纪有限公司合同为例）。
(5) 网络犯罪的技术环境与社会问题，网络犯罪心理，不同国家电子证据的法律地位，计算机取证的原则、步骤、方法和常用工具，当前计算机取证技术的瓶颈和反取证技术。
(6) 网络在信息对抗中的防范策略与技术，现代战争中网络信息对抗实例分析、“911”、“维基解密”、“美国选举”等涉及的信息安全事件。
(7) 信息对抗中的信息侦查与信息保密、舆论效应，网络空间安全，美国选举中的媒体效应。
(8) 信息对抗与信息防御，信息对抗的技术与实例。
",
99S0068,移动多媒体广播技术,1,120,16,1,严明,理工学部,本科二年级、三年级、四年级,严明博士，本科毕业于南京邮电大学，硕士和博士毕业于中国传媒大学，并于2014~2015年在墨尔本大学访问一年。主要研究方向为数字移动多媒体、音视频压缩等。作为主要参与者参加国家级项目两项，承担横向项目多项。在期刊杂志、国际会议发表论文多篇，其中EI检索10篇。,系统介绍国内外主要数字移动多媒体广播技术发展现状以及各种技术的优缺点，并且重点讲述我国手机电视的兴衰历程。作为数字多媒体广播技术的基础，讲述数字多媒体广播技术中采用的主流音视频编解码技术。介绍地面数字电视广播系统特有的技术，包括传输技术、组网技术、覆盖网络规划等。通过本课程的学习，让大家对移动多媒体广播技术有一个基本的了解。,
99S0071,网络多媒体技术,1,80,32,2,洪志国,计算机学院,全校本科1~4年级学生,中国传媒大学出站博士后、理工学部计算机学院副教授。主要讲授本科生的《Linux系统与网络管理》、《网络多媒体技术》、《搜索引擎技术及应用》等课程以及研究生的《动画技术》课程，有丰富的实验教学经验，教学认真负责。,本课程综合讲述了多媒体网络通信技术、数据压缩技术及相关的国际标准，在此基础上，重点讨论了基于网络环境的多媒体应用技术。本课程注重理论与实际应用相结合，要求学生掌握的内容主要有：多媒体信息处理与压缩技术、多媒体数据格式及流媒体技术、多媒体网络典型应用。通过学习这些内容，为今后开展多媒体技术领域的研究和开发工作打下良好的基础。,
99S0072,军事科技与新军事变革,1,80,32,2,杨领军,信息工程学院, 大一、大二、大三年级的本科生 ,杨领军，男，工学博士学位，副教授。主讲本科课程《电路分析》、《单片机原理》，研究生课程《VLSI系统设计概论》，主要研究方向：数字无线广播电视技术、网络平台设计、多媒体技术等。,"本课程重点阐述了当今战争采用的主要高科技军事技术和由此产生的军事理论思想的变革，内容包括：军事航天技术、军用数字化技术、精确制导技术、电子对抗技术、核技术、新概念武器、新军事变革、美俄新军事变革、新军事变革推动下的伊拉克战争。
本课程采用浅显易懂的方法讲述高科技在军事领域的应用，既注重理论性、教育性，也注重知识性和趣味性。
",
99S0078,3D打印及模具设计,1,30,32,2,鲍南海,信息工程学院,全体本科学生  ,主要担任过电路基础实验、数字实验、电子电路实验、工艺实习、电子线路CAD和电子竞赛的指导工作，参加过调频数字发射机、卫星GPS时钟源设计等科研工作，发表过3D摄像机云台结构设计等论文。,"1、掌握3D打印机的原理、种类和发展方向。
2、Creo3.模具设计软件的安装、使用、初级设计、曲面设计的方法。
3、Curo和Repetier-Host3D打印机切片软件的安装、使用。
4、3D打印机的连接、参数设定和打印产品， 
",
99S0079,数字视频编辑与制作,1,42,32,2,石喜富,外国语学院,1年级至4年级本科生,高级工程师，讲过十几门计算机课程，教学效果良好；发表过数篇论文；主持完成若干科研立项；出版8本计算机科学书籍。,主要讲述非线性数字视频编辑软件Premiere的学习和制作。本课程采取理论与实践相结合的方式，一方面，向学生介绍视频编辑软件Premiere的基本理论和基础知识，使学生认识并了解数字视频制作的基本过程，熟悉数字视频制作的基本技术和方法，为数字视频制作打下良好的理论基础；一方面，充分利用课堂教学实例分析以及实践环节，引导学生积极参与数字视频制作实践，从中获得知识和经验，扩展课堂教学效果。课程的重点是帮助学生了解视频编辑软件Premiere 的基本理论和基础知识，学习掌握数字视频制作技术。全面掌握Premiere 这个当今数字视频编辑领域中普遍化成度最高的剪辑工具。,
99S0080,影视声音技术,1,50,32,2,俞锫,艺术学部,传媒相关专业,1997年毕业于北京广播学院录音艺术学院录音工程专业，硕士学位，副高职称，从事声音艺术和传媒艺术文化相关领域的研究。,本课程的主要内容是介绍影视声音节目制作中所涉及的相关声音原理、声音技术以及技术应用等方面的知识。课程采用理论与实践相结合的方式，根据具体影视节目制作、艺术创作中的实际问题组织内容，避免繁琐的技术原理与理论推导，重点解决影视声音制作时声音采集、存储、编辑等环节的基本技术问题。具体包括：影视节目制作的基本声音原理；影视声音的采集技术；声音采集技术的应用；声音存储技术；数字声音技术；影视声音的编辑技术；影视声音的合成技术。,
99S0084,脑科学与智能媒体,1,140,16,1,王晔,协同创新中心, 本科一年级至四年级,2011年毕业于西安电子科技大学数学系，2016年取得北京大学生物力学与医学工程专业博士学位。研究领域包括计算神经科学和功能磁共振成像。现负责研究生课程《大脑模拟与实验》的教学，并作为核心成员参与北京市项目《大脑的初级视觉系统解析仿真平台研究与应用验证》。,本课程通过对大脑微观到宏观的分析和介绍，让学生了解大脑的基本结构及工作原理，认识理解大脑的重要性；并通过介绍人工智能的发展历史和其基本理论与方法，帮助学生理解大脑与人工智能之间的关系。通过有关大脑与人工智能主题的科幻创作活动激发学生的创造能力。本课程的学习有利于对“我是谁？”这个基本问题答案的探索。本课程以有关大脑科幻题材的创作作为主要考核指标之一，达到学有所用的目的。,
99S0090,无人机航拍技术,1,50,32,2,王鸿涛,信息工程学院,全校各专业本科全日制学生  ,2004年就职中国传媒大学信息工程学院，主讲《摄影与灯光技术》、《舞台照明基础》、《舞台灯光设计》等课程，从事摄影摄像及后期制作工作10余年。,内容涵盖航拍器结构介绍，航拍功能介绍（手柄设置方法、图传技术），飞控技术介绍（航拍路线规划、飞控定项操作）、拍摄技术讲解（航拍构图、航拍飞行速度与高度对航拍画面的影响）等。通过航拍实践掌握基本的航拍方法，能够完成简单的航拍工作，保证航拍画面曝光准确、构图准确,
99S0092,决策分析与大数据技术,1,80,32,2,张博,信息工程学院,本科各年级均可,本人系通信与信息系统专业博士，主要从事大数据系统平台建设，媒体融合技术以及网络新媒体技术相关研究。目前教授SQL Server、科技英语等课程。,本课程通过通俗的语言和经典的行业案例，全面介绍了大数据技术在各个领域的广泛应用，重点讲述大数据思维在决策分析中的战略地位与精准应用，在新媒体融合发展的大背景下，结合行业视野阐述大数据理念，培养学生们的传媒大数据思维，让学生清晰认识到大数据的价值。课程会介绍大数据的概念及产生背景；会讲述数据挖掘的概念及相关算法，会介绍大数据技术在行业领域相关决策分析中的实际应用与案例，尤其是传媒行业。,
99S0093,大数据时代及数据挖掘技术,1,50,32,2,殷复莲,信息工程学院,大二大三大四,主讲智能信息处理、计算机网络协议基础、面向对象程序设计-C++等课程，荣获中国传媒大学第八届“青年教师教学基本功比赛”二等奖；中国传媒大学首届微课大赛三等奖。发表学术论文50余篇，其中SCI及EI检索30余篇；授权国家发明专利7项，软件著作权2项；主持或主要参与纵向及横向科研项目近20项。,大数据开启了一次重大的时代转型。《大数据时代及数据挖掘技术》课程旨在对大数据的相关基本概念进行概述；对数据获取及数据预处理方法进行解析；对数据分析和数据挖掘的主要技术，如关联分析、分类、回归分析、聚类、文本分析等进行介绍并基于软件对所有的技术进行实际的案例分析。本课程站在时代最前沿，课程内容覆盖面广，具有一定理论深度和实践应用价值。,
99S0094,网络爬虫编程与实践,1,130,32,2,程南昌,文法学部, 全校本科生,本人中国传媒大学计算语言学博士、中国科学院自动化研究所模式识别国家重点实验室博士后（一级学科：控制系统与工程，二级学科：模式识别与智能系统）。博士论文及博士后出站报告所研究内容主要集中在自然语言处理、网络舆情等方面。曾主持两项国家语委（部级）重点项目；开发“媒体语言语料库在线检索系统”“国家语言文字舆情自动监测系统及在线数据库”“高等教育舆情自动监测系统”等多个软件和系统。多次参加国内外情感自动分析、中文人物属性自动抽取相关评测，获得优异成绩。,"本课程学习网络爬虫的开发，编程语言以java、 C#为主，学生也可以采用自己熟悉的程序语言比如python。后台数据库采用mysql、MSsql。学习内容主要包括以下向个方面：
1、学习并理解互联网相关协议、爬虫基本原理
2、学习并掌握正则表达式的使用。
3、学习并基本掌握本人开发或网络上常用的爬虫软件使用方法，并能利用这些软件下载自己需要的数据。
4、学习并使用JAVA、C#、python等程序语言编写爬虫程序，能独立或合作开发爬虫软件，并从互联网上采集相关数据。
5、学习并基本掌握Mysql、MSsql数据库的基本知识
6、学习并理解分布式爬虫原理
",
99S0095,科学思辨,1,60,32,2,杨晓辉,播音主持艺术学院,本科生,本人2010年本科毕业于中国传媒大学广播电视工程专业，2013年硕士研究生毕业于电子与通信工程专业，从本科到研究生一直学习理工科专业。一直以来关注当今的科学发展和科技进步，阅读相关的书籍资料，积累了一定的知识储备。,《科学思辨》这门课程属于科技类课程，主要任务是给学生普及当今科学技术发展的热点和方向以及相关的科学原理，通过课程的讲解，引起学生对科学技术的兴趣，形成一定的科学素养，进而对相关的科学问题进行一定的思辨，对我们宇宙从宏观到微观有一定科学的认识。本门课程的主要内容包括科学探索的严密逻辑，宇宙的形成，生命的进化。通过理解爱因斯坦的狭义相对论和广义相对论来进一步加深我们的时空观，通过理解量子论对微观世界有一定的认识了解。,
99S0096,观星,1,130,32,2,魏晓凡,艺术研究院,各年级,魏晓凡，我校录音工程学士，音乐学硕士、博士，2012年留校担任学术期刊《音乐传播》责任编辑。业余爱好天文多年，曾任北京天文馆论坛“天文在线”天文知识版版主，拥有日全食、日环食现场经历共3次，其他日月食现场经历10余次，参与流星雨计数观测近20场，自有天文望远镜2架（口径分别为203毫米、114毫米）。应邀为北京市大、中、小学生进行天文讲座10余场，在《天文爱好者》杂志发表专题文章4篇，《百科探秘》发表1篇，专著有图书《天文爱好者SkyMap手册》（第一作者），译有图书《天文迷的夜空导游图》、《宇宙之旅》、《宇宙奇景1001图》（以上4种书均已出版），署名审校天文图书1种，另有即将出版天文科普译著1部。此外著有音乐技术类图书2种均已出版，发表音乐学学术论文9篇。,本课程针对“星空”这个长年“热门”也长年“冷门”的话题，传播观星活动的理论知识、实用技能及其相关文化礼仪等，帮助对这个话题有兴趣但“零基础”的同学掌握关于目视观星技巧、天文望远镜使用、各类天体目标特点、日月食与深空观测、流星雨观测、天文摄影、观星文化等方面的众多知识，开阔眼界，从而快速告别“小白”的状态，能够熟练且正确地使用观星活动的术语，并且能够鉴别和纠正生活中、媒体上常见的天文知识谬误，一跃成为多姿多彩的业余天文活动的“行内人”。,
99S0097,数据可视化实战,1,50,32,2,刘若歆,协同创新中心," 
本科生  
",刘若歆，中国传媒大学协同创新中心工程师，研究方向为互联网科技传播、移动应用开发、数据可视化。2010年6月毕业于中国传媒大学计算机学院，留校任教，任职于中国传媒大学新媒体研究院。主要从事web开发、移动app的开发。先后负责并参与了中国传媒大学研究生招生系统、中国传媒大学博士招生系统及新华社多个移动应用的开发：《新华国际》、《新华eNews采集》、《新华阿联酋》、《新华荷兰》。2014年与宋卿老师承担了《移动app开发》课程，2016年承担了《互联网历史与前沿》。," 数据可视化实战课程旨在培养学生掌握数据可视化和信息图制作方面的技能。通过学习互联网上相关可视化技巧、软件，掌握数据可视化技术，促进学生在各行业进行实施应用，并利用该技术打造个人核心竞争力。本课程的目标如下：
   1.掌握业界最流行的大数据分析及可视化方法与技巧；
   2.深入理解业界成熟的大数据分析及可视化实践应用；
   3.充分掌握大数据中心建模及数据平台架构
   4.掌握数据驱动体系及数据预测模型的构建；
   5.手把手教学生玩转数据可视化呈现方式，更好的呈现数据价值。
   6.互联网场景下的大数据分析及可视化应用；
   7.深刻理解互联网跨界领域的创新。
   通过该课程，学生将掌握以下工具的使用：
   1、大数据魔镜
   2、Peopleplotr
   3、Tableau
   4、Echart
   5、Strikingly
   6、Google Refine 
   7、 Import.io
   8、StoryMapJs
",
99A0132,乐舞赏析,1,50,32,2,李俊梅,艺术学部," 
全校本科生  
",艺术学部副学部长兼艺术教育中心主任,原始时期的音乐和舞蹈是紧密联系在一起的，乐舞与先民们的生活各方面结合在一起，这里借用古代对音乐舞蹈紧密相融的“乐舞”的之名，开启这门音乐与舞蹈整体接合进行的艺术综合鉴赏课程，课程将会涉及中外艺术史上最经典的“乐舞”作品进行鉴赏，同时也将涉及现在多种媒体中有较深代表和广泛影响的作品。,
99A0133,影视音乐与影像叙事,1,50,32,2,吉也,艺术学部, 各专业本科生,2011年毕业于中国传媒大学音乐学专业（本科）；2013年毕业于中国传媒大学广播电视专业（硕士研究生）。2013年，留校任教，就职于艺术学部艺术教育中心。现负责学校民乐团、戏剧团管理工作。多年以来，一直从事音乐及影视相关领域的研究工作。,"《影视音乐与影像叙事》是一门艺术赏析类课程。面向学校全体本科生，赏析中外经典影视作品，激发学生对于影视艺术的兴趣；通过解构电影中音乐、摄影、用光、剪辑、特技等技术元素，带领学生分析其中的制作手法及使用技巧，同时传授影视短片基本的拍摄要点，并加以实践。通过课程的学习，可以使学生更加规范、更加专业的赏析电影、评价电影，更加系统性、技术型的认识影视艺术。

",
99H0152,大学生法律维权,1,50,32,2,王晋,体育部," 
大一至大四  
","中国传媒大学传播学传媒政策与法规博士，中国政法大学法学硕士，现为体育传播与法规研究中心负责人，同时是媒介政策法规中心研究人员，讲授过《法律基础》、《传媒伦理与法规》等课程。主持校级和横向等科研项目多项，发表论文数篇。

","
'f諎鬋/ 鑉?f俇(?;-簸犟諎C蕜鶣?妣?堸'f?>;-C首_勁?Y?f??諎8颇汈り獵?侵鴶鬋胸戢 (
呶'f瀈1?C瘦?Я(萧Cn敞剘?惲C塁礐QN栂C?C劦CQNW\C劦CQNI喙b吂矆??孩▽烏H嫻镍?劰睛-f戾8;?鴖
wS;亝箓
 /堸'f瀈1?-l鴡⒊?勵?壥0敞~??臍錎迨鉪臍/&誌顦
?'f???-壥?C瘦ふ匄s顦壥F?p蓊	臍U?俇 b'I媦?
	/'f\:nl堸n劉薎鴖顦壥n諎剘?劄絀媦
?堸Q?惲C?塁礐坼勁bYf俇簸戢C?
?堸Q軚螩礐劙a矆俇M犟C首_迨w蛍U?(
m/堸Q躓\C礐劙a矆俇荬嘩\?茟\罥W\C
",
99H0154,中国传统政治文明与政治现代化,1,100,32,2,白文刚,文法学部," 
全体本科生
",白文刚，历史学博士，中国传媒大学政治传播研究所副所长、副教授，重点从事中国古代政治传播与政治思想史研究，代表著作有《中国古代政治传播研究》（中国社会科学出版社2014年版）、《应变与困境：清末新政时期的意识形态控制》（中国传媒大学出版社2008年版）等。承担博士生“社科前沿”、硕士生“中国政治思想史”、“西方政治思想史”等课程。兴趣主要集中于中国古代政治文明、政治传播及中国的政治现代化等领域。,  政治文明是中华传统文明最核心和最精彩的部分，但近代以来，这一辉煌成就遭到了歪曲和蔑视。而不能准确、客观地了解和理解中国古代政治文明，就不能真正客观地把握中国传统文明，也不能深刻理解中国政治现代化的道路选择及其面临的挑战。基于这样的认识，本课程主要致力于通过丰富的史实，客观、准确介绍中国传统政治文明的真实状况，并在此基础上观照中国的政治现代化进程。帮助学生较为准确、客观地理解中国的传统政治文明、比较深刻地认识中国政治现代化的道路及前景。基于这样的目的，课程内容主要涉及先秦的政治理念、儒家的政治理想、中国古代先进政治制度、政治实践中的儒法互动及其困境、中国古代政治传播、中国近代政治现代化道路的选择逻辑、困境和前景等等。,
99S0065,剧场工程概论,1,100,24,1.5,张晶晶,计算机学院,课程适用于非自动化专业的大一至大四的各专业本科生,张晶晶，女，现任中国传媒大学理工学部计算机学院软件工程系讲师，为“视听技术与智能控制系统文化部重点实验室”及“现代演艺技术北京市重点实验室”科研团队成员，主要从事“计算机科学”、“舞台技术与演艺科技”等专业技术领域的教学、科研和实践工作，主持国家科技支撑计划项目子课题1项、工科规划项目2项，参与国家级科研项目2项、省部级科研项目5项，主讲《剧场工程》、《汇编语言》等课程。,"廆N勜裊寚?裊'Ac红鶐噝鷦 B_灎?廆'gb匉v昬(h?0贩'蟿0'?@???:0?i?鷧剐汵巹U:?賩?@G镥R?I
刧:1?g:/ {AB匉Q壥鶴尽鶴餱:?oIi?狩z6?*'?g:錦篨??g:労X鵧v焿dg:1幘?B鶴c!?88 佽'旸俇)(D?奼:勓f/ yA蛠勫\
,?錸蔳:迤:顒??烏五勔λ桶鉭:勁?;?忑?刧:裊€?U€?z/h鵪:劅齺Bg:匉,z鬮鹁?乥z鬗ns?g:g??g:勏%??迨?鷅縿喧?gb則wg:鶴餱尽g:5餴??皠蛖燒?皠蠰?I?餺I勍{般zoI?餺Iz/尽oI蚛?稹鹧cg:鶴尽?g:?-尽齾般'gb瀷I
,?勍?g:匉,Mn?{鹁勊?f?鵪:	 殑嗐?;ē?般s剙/岸褉M?
",
99NA0006,艺术与审美,1,80,42,3,叶朗、徐辉、蒋志琴,北京大学、艺术学部,大一至大四，不包含已选修过网络课程学生,北京大学、艺术学部,"2014年秋,习近平总书记提出“弘扬中华美学精神”的号召,美学教育是公民素质教育的重要组成部分,公民的审美能?力关乎国家的可持续发展?。在教育部体卫艺司委托下,北京?学和智慧树?,共同策划和制作了“艺术与审美”共享学分课程。该课程将成为 “政府积极引领,?流大学、?师深度参与,市场化全面服务支持,汇聚多?方力量, 共同推动教育质量提升、实现教育公平”的中国式慕课典范。","该门课程是学校的试点网络课程之一。此类课程的开设为同学们提供了更加丰富的课程资源和多元化的学习方式。授课教师将通过网络组织课程的讲授及学习，选择该课程学习的同学需要在远程学习平台或智慧树学习平台上进行课程视频的观看、讨论以及作业提交等学习活动。选择网络课程学习的同学只能限选一门。同时还需参加现场课堂。
  该门课程在教务系统内的时间安排均为周日晚9-11节，此时间安排仅为限制选课所用，实际上课时间并非限制于周日晚，同学们可自行安排学习时间。"
99NE0003,设计创意生活,1,80,28,2,王震亚、吴学夫,山东大学、广告学院,大一至大四，不包含已选修过网络课程学生,山东大学、广告学院,《设计创意生活（Design and Creative Life）》是一门创新类通识教育核心课程，从生活出发，解读身边的创意、设计，普及设计文化与以人为本的思想，强调创造性思维与设计实践的结合，提升了学习的兴趣性及参与性，充分调动和发挥学生的创意潜能，发现设计之美，进而建立对生活的热爱。2012年本课程入选山东大学首批视频公开课建设项目。内容包括：从设计到生活 、谁动了你的创意、设计背后的文化、工业时代的设计、设计为人、获得创意的方法、设计创意三十六计等。,"该门课程是学校的试点网络课程之一。此类课程的开设为同学们提供了更加丰富的课程资源和多元化的学习方式。授课教师将通过网络组织课程的讲授及学习，选择该课程学习的同学需要在远程学习平台或智慧树学习平台上进行课程视频的观看、讨论以及作业提交等学习活动。选择网络课程学习的同学只能限选一门。同时还需参加现场课堂。
  该门课程在教务系统内的时间安排均为周日晚9-11节，此时间安排仅为限制选课所用，实际上课时间并非限制于周日晚，同学们可自行安排学习时间。"
99NH0006,艾滋病、性与健康,1,80,18,1,王登峰、贺小飞,教育体卫艺司、教务处,大一至大四，不包含已选修过网络课程学生,教育体卫艺司、教务处,2015年，国家公布我国新发现艾滋病感染者11.5万例，报告存活的感染者58万，已有18万感染者死亡。近年来，性接触是我国艾滋病最主要的传播途径，每年新发现的感染者中经性传播的?例已超过90%。中国同性性行为比例升高，感染艾滋病风险增加。艾滋病作为传染病的特殊性在于它的传播与生活方式密切相关，特别是性行为涉及到个人生活和隐私，隐秘性强。目前艾滋病致病原因清楚，尚无治愈方案，是最难解决的人类医学难题之?。党中央、国务院已高度重视艾滋病问题，但很多民众尚缺少对艾滋病危险的认识。,"该门课程是学校的试点网络课程之一。此类课程的开设为同学们提供了更加丰富的课程资源和多元化的学习方式。授课教师将通过网络组织课程的讲授及学习，选择该课程学习的同学需要在远程学习平台或智慧树学习平台上进行课程视频的观看、讨论以及作业提交等学习活动。选择网络课程学习的同学只能限选一门。同时还需参加现场课堂。
  该门课程在教务系统内的时间安排均为周日晚9-11节，此时间安排仅为限制选课所用，实际上课时间并非限制于周日晚，同学们可自行安排学习时间。"
99NH0007,大学生心理健康,1,80,36,2,杨振斌、毛明华,"吉林大学等
跨校共建、马克思主义学院",大一至大四，不包含已选修过网络课程学生,"吉林大学等
跨校共建、马克思主义学院",随着时代的发展和社会竞争的日益激烈，大学生面临的学习、生活、情感和就业压力明显增大，不断凸显的心理问题已明显影响大学生的智能素质、人格成长与身体健康，严峻的现实呼唤必须加强对大学生的心理健康教育。大学生心理健康教育是党和国家高度重视的系统工程。而相当一部分高校师资以及硬件条件无法满足学生日益增长的心理发展需求，因此，利用新型教学技术，整合国内各高校优质心理健康教育资源，着力建设心理健康教育跨校联合大课《大学生心理健康》慕课。,"该门课程是学校的试点网络课程之一。此类课程的开设为同学们提供了更加丰富的课程资源和多元化的学习方式。授课教师将通过网络组织课程的讲授及学习，选择该课程学习的同学需要在远程学习平台或智慧树学习平台上进行课程视频的观看、讨论以及作业提交等学习活动。选择网络课程学习的同学只能限选一门。同时还需参加现场课堂。
  该门课程在教务系统内的时间安排均为周日晚9-11节，此时间安排仅为限制选课所用，实际上课时间并非限制于周日晚，同学们可自行安排学习时间。"
99NH0008,西方文明史导论,1,80,32,2,朱孝远、耿波,北京大学、文法学部,大一至大四，不包含已选修过网络课程学生,北京大学、文法学部,西方文明史导论是北京大学的一门全校性通选课，为2006年教育部评选的全国精品课程。课程旨在用中国人眼光来分析、透视西方文明的发展过程。分专题讲授西方文明的特征、民族性格、国民性、思维方式、文化传统、优缺点，并从全球化角度探讨文明的整合问题，认为东西方文明的互相整合是世界文明发展的趋势。,"该门课程是学校的试点网络课程之一。此类课程的开设为同学们提供了更加丰富的课程资源和多元化的学习方式。授课教师将通过网络组织课程的讲授及学习，选择该课程学习的同学需要在远程学习平台或智慧树学习平台上进行课程视频的观看、讨论以及作业提交等学习活动。选择网络课程学习的同学只能限选一门。同时还需参加现场课堂。
  该门课程在教务系统内的时间安排均为周日晚9-11节，此时间安排仅为限制选课所用，实际上课时间并非限制于周日晚，同学们可自行安排学习时间。"
99NS0004,天文漫谈,1,80,32,2,徐学军、史建华,华中科技大学、理工学部,大一至大四，不包含已选修过网络课程学生,华中科技大学、理工学部,以瑰丽而引人入胜的天文现象，引出天文知识和古今中外文化艺术，使学生了解天文学基本理论、基本知识与方法，并感受自然之美、科学之魅，浸润于古今中外文化艺术的熏陶。,"该门课程是学校的试点网络课程之一。此类课程的开设为同学们提供了更加丰富的课程资源和多元化的学习方式。授课教师将通过网络组织课程的讲授及学习，选择该课程学习的同学需要在远程学习平台或智慧树学习平台上进行课程视频的观看、讨论以及作业提交等学习活动。选择网络课程学习的同学只能限选一门。同时还需参加现场课堂。
  该门课程在教务系统内的时间安排均为周日晚9-11节，此时间安排仅为限制选课所用，实际上课时间并非限制于周日晚，同学们可自行安排学习时间。"
